ods,ons,age_0_4,age_5_14,age_u18,age_15plus,age_65plus,age_75plus,age_85plus,imd2025,imd2019,qof_dm,qof_hyp,qof_ast,qof_copd,qof_chd,qof_hf,qof_af,qof_ckd,qof_dep,qof_stroke,qof_dem,qof_smi,qof_epi,qof_cancer,qof_osteo,qof_ra,qof_obes,qof_pad,qof_ld,qof_ndh,qof_smok
QE1,E54000048,4.6570,11.4814,20.8890,83.8695,20.3193,9.9201,2.5358,25.8130,25.9983,7.9093,16.4246,7.5552,2.4093,3.7606,1.2981,2.4910,4.7013,16.9281,2.2170,0.8945,1.1355,0.9701,4.0566,1.1052,0.8625,14.2797,0.8449,0.5683,7.7894,15.5527
QF7,E54000061,4.8766,11.5838,21.1030,83.5453,17.8344,8.6463,2.2576,29.1100,,7.9434,15.2529,7.3222,2.6487,3.4231,1.2156,2.3004,4.0427,14.4943,2.2052,0.8455,0.9414,0.9680,3.3697,0.6385,0.7826,14.5733,0.7438,0.6858,5.7045,15.9214
QGH,E54000019,4.3034,10.8303,19.5899,84.8648,23.6015,11.9325,3.1302,17.6540,18.2856,7.7916,17.6287,7.0795,2.1096,3.3673,1.2459,2.8334,5.7525,15.0828,2.3634,0.8351,0.7647,0.8754,4.7322,1.4505,1.0129,14.3804,0.5957,0.5737,9.6654,14.2981
QH8,E54000026,5.1642,12.2833,22.2136,82.5534,19.1020,9.7485,2.6139,18.0800,17.2581,7.5374,15.3530,6.5492,1.8508,2.8285,0.9836,2.1713,4.5057,11.8647,1.8526,0.8249,0.8677,0.7963,3.3974,0.5221,0.8629,10.7810,0.4371,0.5152,4.8500,14.1455
QHG,E54000024,5.6440,13.0976,23.7122,81.2669,14.8089,6.9507,1.8615,19.5370,18.2023,8.1011,13.5998,6.4217,1.5139,2.5323,0.8316,1.7329,2.9214,11.1417,1.4170,0.6343,0.9364,0.6901,2.9232,0.6403,0.7547,11.3116,0.3926,0.5262,8.5465,14.6008
QHL,E54000055,5.4345,13.4148,24.2731,81.1525,13.6111,6.5481,1.9228,34.7700,,9.0865,12.6977,6.3847,1.4635,2.6330,0.7703,1.5220,3.7684,12.1041,1.4561,0.5550,1.2166,0.7804,2.5778,0.6932,0.6751,13.6861,0.4163,0.7324,8.4122,14.9275
QHM,E54000050,4.4476,10.9630,19.8881,84.5968,20.5498,9.6956,2.5468,27.8710,,8.4311,16.9595,7.3495,2.8100,3.9387,1.3533,2.5195,5.0160,15.3103,2.3990,0.8831,1.0076,0.9866,3.9545,1.0087,0.9218,16.5459,0.8595,0.7505,9.0315,14.7470
QJ2,E54000058,4.6067,11.2121,20.3426,84.1930,20.5561,10.1027,2.5725,21.5530,,8.1382,16.5359,7.4134,2.2114,3.4793,1.3192,2.5354,6.0924,15.0422,2.2693,0.9012,0.9245,0.9360,3.8811,0.8998,0.8414,13.8479,0.7854,0.7197,8.5792,14.7581
QJG,E54000023,4.4376,11.0695,19.9975,84.5032,22.8094,11.7857,3.1366,19.7080,19.0157,7.6909,16.6682,7.3925,2.0251,3.4425,1.2928,2.7190,5.6677,13.5858,2.0745,0.9266,0.9383,0.8716,4.3205,1.0561,0.8725,13.2701,0.6071,0.5996,6.8207,14.7081
QJK,E54000037,3.9415,10.4164,18.7093,85.6488,24.2461,12.3917,3.3252,20.1410,20.1699,7.4267,16.6896,7.6952,2.3259,3.8958,1.2598,2.9878,5.2791,13.9500,2.4940,0.9305,1.0299,0.9315,4.5147,1.1230,0.9038,12.3950,0.7256,0.6445,8.5781,14.0885
QJM,E54000013,4.0979,10.8660,19.3696,85.0299,23.5539,11.8429,3.0064,22.2390,20.2905,8.4657,18.0206,7.3419,2.4042,3.9815,1.6080,2.8826,7.4293,14.6804,2.4050,1.0005,0.8488,0.9041,4.4257,1.3963,0.8803,14.9644,0.6838,0.6061,8.1382,15.6831
QK1,E54000015,4.7710,11.7512,21.3872,83.4883,17.6335,8.4923,2.2476,19.7930,18.2400,8.5512,14.9106,6.3402,1.5701,2.7124,1.2350,2.0311,4.0630,13.6753,1.6990,0.7295,0.8985,0.7642,3.1136,0.9786,0.8319,11.9934,0.4605,0.4748,5.9401,13.4502
QKK,E54000030,4.7477,10.8871,19.9407,84.3668,11.6779,5.2793,1.5026,20.6060,22.2162,6.6931,11.7138,5.0140,1.2489,1.7811,0.6134,1.2500,3.0179,11.1118,1.2230,0.5209,1.1624,0.5739,2.6748,0.5340,0.5372,11.9703,0.3455,0.4535,7.3270,14.4907
QKS,E54000032,5.0433,12.3904,22.4284,82.5736,19.3951,9.7565,2.5543,21.2500,20.2103,7.7183,15.5830,6.1440,1.9944,2.7879,0.9250,2.4089,4.8681,15.9555,1.8363,0.7616,0.8866,0.8483,4.1597,1.1326,0.8864,12.5992,0.5111,0.6305,7.3779,14.9623
QM7,E54000025,5.1398,12.4323,22.4750,82.4323,17.1706,8.6018,2.5389,13.5220,13.3118,6.6654,13.7714,6.1608,1.4694,2.6454,0.8177,2.0953,3.5261,11.9562,1.6305,0.7473,0.8566,0.7141,3.5851,0.8188,0.7629,11.0508,0.4270,0.5181,7.3476,12.9778
QMF,E54000029,5.6241,11.9836,22.2335,82.4042,9.3920,4.0097,1.1420,26.3340,25.8365,8.0535,10.5798,4.8197,0.9917,1.7817,0.5627,0.9114,3.2048,9.4126,0.9826,0.3518,1.1007,0.5059,1.9922,0.4084,0.5532,13.2432,0.2683,0.4509,6.2858,15.0822
QMJ,E54000028,4.4097,10.3318,19.0875,85.2714,11.4245,5.1944,1.4961,25.7540,22.9841,6.1709,10.6975,4.5185,1.0513,1.8202,0.6203,1.1690,2.6055,10.6307,1.0904,0.4946,1.2638,0.5325,2.7056,0.7673,0.4991,9.6878,0.3022,0.4755,5.9577,15.2609
QMM,E54000022,4.0097,10.4519,18.7118,85.5344,24.4931,12.7085,3.4078,21.7350,21.7279,8.3793,17.2548,7.8915,2.2997,3.6900,1.0828,2.9010,4.9870,13.4095,2.4304,0.9896,1.0025,0.9274,4.4245,0.9329,1.0141,14.3912,0.6396,0.7418,12.0065,15.5226
QNC,E54000010,4.8288,11.4651,20.8546,83.7075,20.7329,10.3760,2.6511,20.3920,20.6382,8.3364,17.0049,6.9456,2.2630,3.4424,1.2136,2.6375,4.5617,15.4888,2.1386,0.9508,0.8027,1.0187,4.1317,0.8567,0.9650,14.2868,0.6222,0.5625,6.5232,14.5365
QNQ,E54000034,5.1439,12.5362,22.7496,82.3134,15.9663,7.8970,2.2395,12.3590,12.3248,7.5202,13.9157,5.8733,1.2328,2.6464,0.9274,1.9682,3.7858,12.5552,1.4917,0.7071,0.7774,0.6997,3.3646,0.9704,0.6464,12.6346,0.4069,0.4304,7.4110,12.4528
QNX,E54000053,4.1750,10.6261,19.3015,85.1999,21.9885,11.4014,3.2173,17.7410,,7.1005,15.6598,6.9737,1.9243,3.2947,1.0178,2.8216,5.0240,14.4745,2.1601,0.9518,1.1091,0.7980,4.3622,1.1482,0.8159,10.6833,0.5860,0.6036,8.1919,14.3487
QOC,E54000011,4.4176,11.1548,20.3431,84.4402,22.7310,11.3667,2.9449,20.0990,19.9366,7.7888,16.7721,7.2187,1.9023,3.4795,1.0919,2.6853,6.3473,15.8511,2.4643,0.8985,0.8508,0.9422,4.4680,1.1983,0.8836,12.5567,0.7223,0.5335,7.0779,13.6735
QOP,E54000057,5.1910,12.5498,22.7085,82.2714,15.0723,7.1196,1.7918,29.6000,,7.8437,13.7801,6.8406,2.2091,2.9747,0.9659,1.8352,3.9878,15.9648,1.8056,0.6838,1.0917,0.8675,3.1365,0.8297,0.7080,14.1309,0.6701,0.6135,8.9386,15.6404
QOQ,E54000051,4.2879,10.7999,19.5918,84.9156,22.3395,11.0146,2.9130,20.8580,,7.7514,16.9192,7.1221,2.4013,3.8471,1.1770,2.7334,4.9648,13.1701,2.3207,0.8561,0.8632,0.9250,4.2315,1.0295,0.8814,13.5121,0.7818,0.5860,8.4951,14.6088
QOX,E54000040,4.4678,11.5485,20.7756,83.9913,20.5610,10.3133,2.8179,14.2810,14.2998,7.3477,15.3061,7.2148,1.7507,3.1482,1.1747,2.5850,4.3175,11.8420,2.0063,0.8101,0.8550,0.8180,3.8981,1.1033,0.8272,12.9856,0.5565,0.5580,9.1372,12.7943
QPM,E54000059,5.0374,12.3684,22.3736,82.5954,17.0793,8.2430,2.0491,17.4830,,7.6427,15.1585,6.4202,1.8992,2.8100,0.9962,2.1531,4.1745,14.8955,1.6879,0.6920,0.8198,0.7692,3.4438,0.9500,0.7634,12.5047,0.5637,0.5230,7.1216,16.6945
QR1,E54000043,4.4947,11.3161,20.4453,84.1978,21.6964,10.9285,2.9497,15.1460,14.9322,7.4853,15.6931,7.4326,1.8499,3.2960,1.0854,2.7327,5.9506,12.3973,2.0615,0.9296,0.8085,0.9066,4.0154,1.1114,0.8688,11.8463,0.5393,0.7133,12.9492,13.2481
QRL,E54000042,4.4673,11.0986,20.0051,84.4471,20.7693,10.5937,2.9143,17.1570,17.2792,7.2313,15.5929,7.0398,2.0050,3.0730,1.2726,2.5843,4.0070,14.4958,2.1229,0.8699,0.9327,0.8270,4.3381,1.8377,0.8244,12.5262,0.6509,0.5473,6.5366,14.1006
QRV,E54000027,4.3321,9.9979,18.4454,85.6719,11.0547,4.9162,1.3985,23.6350,21.0262,7.2679,10.9251,4.4602,0.8827,2.0111,0.6017,1.1018,2.3132,7.7550,1.0956,0.4573,1.1113,0.4978,2.1479,0.6743,0.5315,10.8732,0.3521,0.4100,8.7301,13.2625
QSL,E54000038,4.2477,10.8452,19.7680,84.9213,24.7559,12.5954,3.3542,19.1370,18.5530,7.8802,17.8300,7.2718,2.2302,3.8535,1.4029,3.1632,4.9524,16.4646,2.4224,0.9056,0.8409,0.8950,5.0114,2.0795,0.9479,12.9418,0.7965,0.5906,10.0150,14.8920
QT1,E54000060,4.5872,11.4722,20.6543,83.9701,17.8257,8.7473,2.3003,22.8650,,7.4100,14.3839,6.5858,2.0470,3.0502,1.0990,2.1894,4.4612,12.5129,1.9384,0.8241,0.8461,0.8775,3.4672,1.1004,0.6971,13.0966,0.5567,0.5899,6.1788,15.0085
QT6,E54000036,3.9156,10.4633,18.6704,85.6249,25.2739,12.6555,3.1586,22.2830,23.0249,7.3795,17.1019,7.7573,2.3979,4.4835,1.7313,3.1802,5.2954,13.5837,3.0034,0.9414,0.9483,0.9297,4.7902,1.0054,0.9357,12.6620,0.7072,0.5673,6.0082,15.4778
QU9,E54000044,4.7321,11.8491,21.5259,83.4295,17.3723,8.7255,2.4597,11.6180,11.2347,6.1110,13.6076,6.2566,1.2571,2.4562,0.9165,2.1710,3.5891,12.9833,1.6775,0.7114,0.8206,0.7244,3.8511,1.3604,0.7008,10.3628,0.4167,0.4631,5.2515,11.9458
QUA,E54000062,5.5252,13.0871,23.6998,81.3901,16.6298,8.1694,2.2916,30.2140,,9.6057,15.7123,6.6183,2.0431,3.5259,1.0819,2.0590,5.2614,13.8724,1.7609,0.7177,0.9818,0.9172,3.0613,0.8248,0.9147,17.3749,0.5504,0.5846,6.3759,16.3325
QUE,E54000056,4.6264,11.7279,21.0398,83.6504,16.5334,8.1550,2.2164,16.6140,,6.6635,13.2839,6.4559,1.7044,2.7640,0.9190,2.0371,3.0632,11.6056,1.5598,0.6309,0.8292,0.7117,3.2720,1.0368,0.7159,11.5486,0.5018,0.5048,5.4687,14.8674
QUY,E54000039,4.6159,11.0310,20.0290,84.3587,16.3654,8.2702,2.2978,17.7060,19.6929,6.4849,13.2033,6.7165,1.7783,2.7238,1.0400,2.1752,4.6844,14.7886,1.8549,0.7569,0.8674,0.7938,3.6044,2.0697,0.7373,10.7963,0.5451,0.5239,7.8316,15.2857
QVV,E54000041,3.7898,10.1242,18.2694,86.0883,25.0228,13.1324,3.7526,16.9050,16.9863,7.2845,16.6400,7.6441,2.1459,4.2056,1.4992,3.2210,6.2273,12.9905,2.5915,0.9934,1.0439,0.7744,4.8461,1.6619,0.9500,10.9575,0.6511,0.6293,7.7098,14.1321
QWE,E54000031,4.8050,11.5600,20.8882,83.6438,12.8047,5.9752,1.6778,15.6040,15.9368,6.1391,10.9986,4.9360,1.0439,1.9030,0.6097,1.3759,3.1676,10.0527,1.1734,0.5979,1.0309,0.5958,2.9635,0.7552,0.6150,9.7612,0.2990,0.4538,5.1315,12.5161
QWO,E54000054,5.0502,12.3877,22.3633,82.5674,16.3818,7.8016,2.0785,27.8080,,8.2295,14.4708,7.1177,2.0955,3.0269,1.0040,1.9269,4.0250,13.9216,1.8813,0.7180,1.0427,0.8582,3.1987,0.9009,0.7540,13.8802,0.6586,0.6728,9.0448,16.4523
QWU,E54000018,4.8461,11.6191,21.0596,83.5335,17.1424,8.5982,2.3399,19.9750,19.4570,7.2866,14.4670,6.1313,1.5946,2.4836,0.9563,2.0252,5.4937,14.2298,1.7786,0.6679,0.8576,0.7626,3.4566,1.5178,0.7646,12.4865,0.5053,0.4729,7.0569,14.1215
QXU,E54000052,4.7473,12.0842,21.8417,83.1764,18.6667,9.6883,2.9150,10.3780,,6.0460,13.6984,5.8682,1.2680,2.6300,0.8112,2.4109,4.1543,12.0383,1.7148,0.8695,0.7759,0.6857,4.2024,1.1879,0.7288,9.7875,0.4297,0.4685,7.4577,10.9013
QYG,E54000008,4.5743,11.1971,20.2218,84.2364,19.5645,9.3998,2.4967,25.5310,28.1159,7.4599,16.0964,7.0187,2.5328,3.6479,1.3240,2.6475,4.9070,17.0607,2.1106,0.8300,1.0996,0.9630,4.0592,1.1161,0.8329,14.0459,0.7557,0.5814,8.1790,14.6318
