ods,ons,pop2021,pop2022,pop2023,pop2024,pop2025,dm2021_22,dm2022_23,dm2023_24,dm2024_25
QE1,E54000048,1795597,1800588,1833165,1852079,1869432,111479,116214,121146,125708
QF7,E54000061,1469607,1452705,1499755,1517933,1527174,91686,95473,98903,102457
QGH,E54000019,807412,801477,822503,828764,833128,50729,52156,53732,55590
QH8,E54000026,1242120,1224979,1264950,1282312,1294524,72422,74925,78063,81988
QHG,E54000024,1052718,1000981,1103136,1131238,1146970,62811,68486,73851,79190
QHL,E54000055,1494315,1519245,1595014,1628972,1647693,108428,112276,116863,120875
QHM,E54000050,3126331,3062045,3180324,3211362,3233163,207346,216361,225857,237048
QJ2,E54000058,1052475,1061628,1120369,1133802,1142546,70912,73318,75966,79958
QJG,E54000023,1036484,1038123,1059270,1070191,1079207,62923,65000,68933,72127
QJK,E54000037,1256751,1240764,1283375,1293737,1297256,77304,78669,80514,82253
QJM,E54000013,802353,784420,814173,820541,825763,54061,56393,58030,60273
QK1,E54000015,1166135,1158770,1207497,1227698,1234426,78218,80805,86338,90315
QKK,E54000030,2018674,2001977,2075835,2106992,2123369,106963,111503,117901,122769
QKS,E54000032,1937142,1876881,1988377,2017477,2037859,114231,120282,126526,133595
QM7,E54000025,1596597,1546089,1629587,1651177,1664982,81908,85237,88974,92841
QMF,E54000029,2284553,2298433,2409865,2449107,2476030,145036,150907,159076,168139
QMJ,E54000028,1696720,1726228,1781515,1806858,1836881,86017,90334,93454,96671
QMM,E54000022,1073983,1077056,1088169,1094606,1100114,70376,73925,77544,82960
QNC,E54000010,1162073,1147807,1183541,1197742,1207013,76005,79396,82395,85053
QNQ,E54000034,804030,753478,826452,842220,852970,45906,48629,51146,53997
QNX,E54000053,1798166,1790543,1833646,1848269,1859376,103151,106332,109889,113905
QOC,E54000011,512966,515990,524687,531951,536654,31725,33124,34312,35745
QOP,E54000057,3005932,3123482,3206023,3264077,3301455,188402,196797,206851,215918
QOQ,E54000051,1762451,1691984,1789797,1803263,1813969,107567,111910,117062,123434
QOX,E54000040,967905,928391,992680,1004434,1012565,56719,58698,60715,62871
QPM,E54000059,784513,799193,825507,840777,849811,47191,49286,52314,54793
QR1,E54000043,666413,635299,682822,690605,696538,38340,40488,42526,46483
QRL,E54000042,1902230,1812343,1942721,1961716,1970624,109216,113495,117981,122285
QRV,E54000027,2664428,2718843,2834087,2879156,2913569,164335,169770,175750,181833
QSL,E54000038,588379,581073,600313,604613,607887,37044,38435,39905,41101
QT1,E54000060,1224371,1210658,1261482,1272558,1283324,73626,75565,77340,79541
QT6,E54000036,592595,579834,600561,603785,606196,35523,36542,37462,38418
QU9,E54000044,1910451,1888696,1969806,1993828,2014643,91033,95898,100181,104559
QUA,E54000062,1225121,1240675,1305307,1330470,1342128,93189,97579,101814,105935
QUE,E54000056,978099,1010788,1032874,1047011,1056555,52299,54862,57439,60033
QUY,E54000039,1042556,1022729,1071952,1087863,1096733,53957,56486,58606,60844
QVV,E54000041,811484,786011,825438,831631,831975,47980,49763,51535,52805
QWE,E54000031,1710972,1687272,1748853,1764104,1774436,82756,85716,88582,92234
QWO,E54000054,2598809,2562013,2649058,2682960,2701685,164084,171148,178294,188162
QWU,E54000018,1028559,1051210,1076256,1103145,1118741,59665,62785,66221,68950
QXU,E54000052,1113139,1063038,1133556,1141884,1148566,52484,54302,56266,58433
QYG,E54000008,2684366,2649536,2743997,2774716,2801919,160354,165531,171823,177045
