variable,ods,value,z,lag,local_I,p,q,category
sglt2_use,QE1,0.012774510653465559,0.021559576669071965,-0.47944349990467094,-0.01033659889468295,0.1265,0.27636,Not significant
sglt2_use,QF7,0.010679515309733703,-0.9097632667978174,-0.6170276971771845,0.5613491334886498,0.0631,0.22295,Not significant
sglt2_use,QGH,0.011120182543926334,-0.7138661910363453,-0.23579064491078672,0.16832296956446674,0.2827,0.38301290322580644,Not significant
sglt2_use,QH8,0.012445695247338094,-0.12461416062661629,0.4151558512143052,-0.05173429792829904,0.1523,0.29075454545454543,Not significant
sglt2_use,QHG,0.016521722925115716,1.6873696694450697,-0.04753145388722176,-0.08020313363392496,0.5571,0.5571,Not significant
sglt2_use,QHL,0.012348158902922316,-0.16797360096831018,-0.2942105074519174,0.04941959837941242,0.3072,0.40319999999999995,Not significant
sglt2_use,QHM,0.010824213139550194,-0.8454383532788542,-0.18185970514635902,0.15375116964671573,0.4679,0.5244473684210526,Not significant
sglt2_use,QJ2,0.009931359351760883,-1.2423533779026767,-0.33906157215622906,0.42123428948528335,0.1446,0.2892,Not significant
sglt2_use,QJG,0.012275483187282735,-0.20028133584846441,-0.5921710595846611,0.11860081086441654,0.1316,0.27636,Not significant
sglt2_use,QJK,0.010081902493258087,-1.175429951546098,-0.6743586512342622,0.7926613567449808,0.0637,0.22295,Not significant
sglt2_use,QJM,0.013918016608424254,0.5299011444342752,-0.28559587764142885,-0.15133758240790438,0.2721,0.38094,Not significant
sglt2_use,QK1,0.014874048518196167,0.9549017819382317,-0.33945994224055775,-0.3241509037421578,0.1949,0.332808,Not significant
sglt2_use,QKK,0.014116645534938646,0.6182009381257674,1.12344634078855,0.6945155818094422,0.0049,0.051449999999999996,High-High
sglt2_use,QKS,0.012450646403551839,-0.12241314147054527,-0.27700305860805774,0.033908814601161914,0.3278,0.41048823529411765,Not significant
sglt2_use,QM7,0.012456408441316546,-0.11985164776066817,1.268619940618911,-0.15204619026521748,0.0005,0.0189,Low-High
sglt2_use,QMF,0.019516695112096995,3.018774066895922,0.9905729315527125,2.990315877140398,0.0072,0.06048,High-High
sglt2_use,QMJ,0.015825876728305942,1.378033679478571,2.033339422560587,2.802010206099999,0.0016,0.022400000000000003,High-High
sglt2_use,QMM,0.010592590817371916,-0.9484052454711873,-0.12462465469012307,0.11819467622314812,0.4745,0.5244473684210526,Not significant
sglt2_use,QNC,0.011802093717983119,-0.41072496663480057,-0.3734994362818744,0.15340554350498967,0.1179,0.2751,Not significant
sglt2_use,QNQ,0.015435449610573517,1.2044706715506242,0.6058923677492571,0.7297795870703455,0.116,0.2751,Not significant
sglt2_use,QNX,0.010829552608084029,-0.8430647112407411,-0.44103792408970877,0.37182351011890624,0.2194,0.3488896551724138,Not significant
sglt2_use,QOC,0.010948076485717466,-0.7903753365046307,-0.7002230171052953,0.5534390027728855,0.061,0.22295,Not significant
sglt2_use,QOP,0.012295713016508477,-0.19128823611020598,-0.5490014311015272,0.10501751537738992,0.1115,0.2751,Not significant
sglt2_use,QOQ,0.011859334028693427,-0.38527898696179,-0.3407032204695993,0.1312657916371466,0.1981,0.332808,Not significant
sglt2_use,QOX,0.013553080799096683,0.36767020838817355,-0.19982485220726762,-0.07346964505218206,0.3422,0.41064,Not significant
sglt2_use,QPM,0.013198506288974239,0.21004535161885932,0.49560058269727064,0.10409859865515977,0.1136,0.2751,Not significant
sglt2_use,QR1,0.01274081638311239,0.006580906779544838,-0.00044381637590593104,-2.9207141970723616e-06,0.5429,0.5561414634146342,Not significant
sglt2_use,QRL,0.011731366890504469,-0.4421663301079402,-0.01365447214521627,0.006037547838011372,0.5071,0.5461076923076923,Not significant
sglt2_use,QRV,0.019926824946555902,3.201095848546508,0.9113296741156685,2.9172536364689083,0.0009,0.0189,High-High
sglt2_use,QSL,0.011488915567301868,-0.5499472167829118,-0.3610876173848312,0.19857913019556087,0.2409,0.3488896551724138,Not significant
sglt2_use,QT1,0.01083342243257217,-0.8413443943165071,-0.21051854105795548,0.1771185944188003,0.3323,0.41048823529411765,Not significant
sglt2_use,QT6,0.010482184959858188,-0.9974857827920596,-1.175429951546098,1.1724746653351923,0.0477,0.22295,Low-Low
sglt2_use,QU9,0.013677936230655807,0.42317425324910174,0.6885516775814774,0.291377341983958,0.0151,0.1057,High-High
sglt2_use,QUA,0.012424579050664826,-0.13400129190964932,-0.43085491954648536,0.057735115844857056,0.2306,0.3488896551724138,Not significant
sglt2_use,QUE,0.011143515127640048,-0.70349377265618,0.2486331947161875,-0.17491190415844934,0.2381,0.3488896551724138,Not significant
sglt2_use,QUY,0.012363963388495132,-0.16094777225358528,-0.05856536720506446,0.009425965382868306,0.5252,0.55146,Not significant
sglt2_use,QVV,0.011656061778064162,-0.47564295412781515,-0.44996832251219415,0.2140242621836375,0.1755,0.3204782608695652,Not significant
sglt2_use,QWE,0.016159556226968033,1.5263697320766716,1.020254161993878,1.5572850718927047,0.052,0.22295,Not significant
sglt2_use,QWO,0.012727960728343988,0.0008659704722357589,-0.5414248582206836,-0.00046885794015354425,0.0862,0.2586,Not significant
sglt2_use,QWU,0.012909908960210485,0.08175041977312558,0.043162504992325934,0.0035285529015822736,0.4157,0.4849833333333334,Not significant
sglt2_use,QXU,0.011019702369521184,-0.7585343006906409,0.7346418582114778,-0.5572510481765163,0.0303,0.1818,Low-High
sglt2_use,QYG,0.0105303416526714,-0.9760778936447401,-0.5226364680966484,0.510133902921703,0.078,0.252,Not significant
sglt2_use_need_adjusted,QE1,0.0012868749920623172,0.8970618113709837,-0.3222223979206014,-0.2890534079429566,0.242,0.35613529411764705,Not significant
sglt2_use_need_adjusted,QF7,-0.0015029039414197417,-1.047652445126276,-0.6859167090342997,0.7186023173727525,0.0593,0.311325,Not significant
sglt2_use_need_adjusted,QGH,9.444186690098775e-05,0.06583404970513919,-0.41352582151662365,-0.02722407948808392,0.1396,0.336,Not significant
sglt2_use_need_adjusted,QH8,-0.00044718441366746003,-0.3117257407404643,-0.09015771123444521,0.02810447931802231,0.4109,0.4583526315789474,Not significant
sglt2_use_need_adjusted,QHG,0.0011649810064095194,0.812091289572543,-0.8543893716971641,-0.6938421666586247,0.031,0.2457,High-Low
sglt2_use_need_adjusted,QHL,-0.001664289779758939,-1.1601521621641666,-0.45376395781208345,0.5264352367678583,0.1608,0.336,Not significant
sglt2_use_need_adjusted,QHM,-0.0006924357686668554,-0.48268688779353836,0.7345950687449643,-0.35457940752098716,0.1458,0.336,Not significant
sglt2_use_need_adjusted,QJ2,-0.0023796050019995003,-1.6587879837647141,-0.6272124837088655,1.0404125312434875,0.0188,0.2457,Low-Low
sglt2_use_need_adjusted,QJG,0.001247806743631613,0.869827904487639,-0.615357709590852,-0.5352553070437239,0.1415,0.336,Not significant
sglt2_use_need_adjusted,QJK,0.00015916849896529042,0.11095404206001427,0.8386345915231074,0.09304989774083774,0.0854,0.336,Not significant
sglt2_use_need_adjusted,QJM,0.0027889785315881217,1.944156307996486,-0.4603221054791667,-0.8949381250775458,0.1331,0.336,Not significant
sglt2_use_need_adjusted,QK1,0.00028580907857483386,0.19923334536321957,-0.6149047039701504,-0.12250952125155327,0.0351,0.2457,High-Low
sglt2_use_need_adjusted,QKK,-0.0011605824699060176,-0.809025133847907,0.7046562260713447,-0.5700845976141307,0.0445,0.267,Low-High
sglt2_use_need_adjusted,QKS,0.00020480321343523762,0.14276533676719716,-0.655832158685149,-0.09363009899744318,0.0845,0.336,Not significant
sglt2_use_need_adjusted,QM7,-0.0013619586165367703,-0.9494015122667191,0.7153569285583542,-0.6791609497837768,0.0291,0.2457,Low-High
sglt2_use_need_adjusted,QMF,0.0028650007532878036,1.9971502913460695,0.4412095545547726,0.8811617904237337,0.1239,0.336,Not significant
sglt2_use_need_adjusted,QMJ,0.001820625892294567,1.2691317889029787,1.351605716601775,1.715365781002303,0.0129,0.2457,High-High
sglt2_use_need_adjusted,QMM,0.0003699916158926398,0.25791576586085885,0.3405736861970581,0.08783932310757005,0.2521,0.35613529411764705,Not significant
sglt2_use_need_adjusted,QNC,-0.0007811186270759535,-0.5445064165688316,-0.5652752136320579,0.30779598094997257,0.0287,0.2457,Low-Low
sglt2_use_need_adjusted,QNQ,-0.00013652308568236403,-0.09516825433026993,0.33233519327501077,-0.03162776019649564,0.2453,0.35613529411764705,Not significant
sglt2_use_need_adjusted,QNX,-0.0001921112178474068,-0.1339179315236825,-0.5203359716176877,0.06968231701640631,0.1816,0.336,Not significant
sglt2_use_need_adjusted,QOC,9.94966893266895e-05,0.06935769278572362,-0.39332518448690523,-0.027280127310530842,0.2597,0.35613529411764705,Not significant
sglt2_use_need_adjusted,QOP,-0.0009170346618325159,-0.6392515045417184,-0.4557570239451063,0.2913433632623652,0.1609,0.336,Not significant
sglt2_use_need_adjusted,QOQ,0.0008207434825562474,0.5721283261189447,-0.05768806534062895,-0.03300497626037435,0.4702,0.49371,Not significant
sglt2_use_need_adjusted,QOX,0.0007093077196087396,0.49444807902596793,0.19688029511664587,0.09734708371849121,0.2831,0.35613529411764705,Not significant
sglt2_use_need_adjusted,QPM,-0.0010069619033042012,-0.7019384746233149,0.15587977963294264,-0.10941801474016623,0.3448,0.40226666666666666,Not significant
sglt2_use_need_adjusted,QR1,0.0007036862310408807,0.49052942123217397,-0.08913089581520497,-0.043721326738137695,0.4548,0.4897846153846153,Not significant
sglt2_use_need_adjusted,QRL,-0.00048073508211632463,-0.335113422991718,-0.006942463962735956,0.002326512862549093,0.4939,0.5059463414634147,Not significant
sglt2_use_need_adjusted,QRV,0.004313773071886112,3.007068370725975,0.10392649151597147,0.3125140655181992,0.2767,0.35613529411764705,Not significant
sglt2_use_need_adjusted,QSL,0.001064747708027807,0.7422201173447979,0.21575053055156884,0.1601343841031878,0.301,0.36119999999999997,Not significant
sglt2_use_need_adjusted,QT1,-0.0018606161882753164,-1.2970084417017578,0.0018155101175320043,-0.00235473194843396,0.5101,0.5101,Not significant
sglt2_use_need_adjusted,QT6,0.0010588173620344511,0.7380861595387412,0.11095404206001427,0.0818936427893759,0.4147,0.4583526315789474,Not significant
sglt2_use_need_adjusted,QU9,3.7363646910458905e-05,0.026045653994328222,0.2742811923454075,0.00714383303298027,0.1864,0.336,Not significant
sglt2_use_need_adjusted,QUA,-0.0015527489853202727,-1.0823986991486714,-0.5462748430092863,0.5912871794508961,0.1532,0.336,Not significant
sglt2_use_need_adjusted,QUE,-0.0025710810589691137,-1.7922631538929508,0.26501986070628103,-0.47498533139370974,0.2303,0.35613529411764705,Not significant
sglt2_use_need_adjusted,QUY,-0.0011160719468011383,-0.77799749656549,0.5757325392009799,-0.4479184741896552,0.1677,0.336,Not significant
sglt2_use_need_adjusted,QVV,0.001485610584155227,1.0355974976857831,0.2531272038597655,0.26213789891337225,0.2674,0.35613529411764705,Not significant
sglt2_use_need_adjusted,QWE,0.0010921744891672484,0.7613389269578338,0.27646113608317513,0.2104806246911082,0.2883,0.35613529411764705,Not significant
sglt2_use_need_adjusted,QWO,-0.0005164341695039318,-0.3599987367896715,-0.3753003591885561,0.13510765522459017,0.192,0.336,Not significant
sglt2_use_need_adjusted,QWU,-0.00036435242098629343,-0.25398476523597013,-0.2321363690087789,0.058959101185425244,0.2548,0.35613529411764705,Not significant
sglt2_use_need_adjusted,QXU,-0.001963403283672638,-1.3686598286285425,0.3625639845367755,-0.49622676094298473,0.1724,0.336,Not significant
sglt2_use_need_adjusted,QYG,-0.0010060505544278713,-0.7013031865970234,-0.37522528014371137,0.2631466846565456,0.1872,0.336,Not significant
dapagliflozin_share,QE1,0.6098022349962936,-0.7095217021839841,-0.22667548484500016,0.1608311758506044,0.2684,0.44874375,Not significant
dapagliflozin_share,QF7,0.4763911939861369,-2.270497926419606,-1.573624216312163,3.572910520100444,0.0003,0.008400000000000001,Low-Low
dapagliflozin_share,QGH,0.7357194177599191,0.7637726146018886,0.20420082103504555,0.15596299498578908,0.2889,0.44874375,Not significant
dapagliflozin_share,QH8,0.6496191586022868,-0.24364368638745285,0.4642759274120967,-0.11311789845563672,0.1154,0.302925,Not significant
dapagliflozin_share,QHG,0.7178805180336999,0.5550485230401446,0.10564174874742353,0.05863629661363548,0.4269,0.45381,Not significant
dapagliflozin_share,QHL,0.5919898791887837,-0.9179352165574425,0.25786516669754345,-0.23670351763513056,0.3318,0.44874375,Not significant
dapagliflozin_share,QHM,0.6943845812268046,0.28013425474570847,-0.6651181670811297,-0.18632238205310386,0.1579,0.36843333333333333,Not significant
dapagliflozin_share,QJ2,0.372342896968289,-3.4879152899847536,-0.6856962942121199,2.391650588868337,0.0053,0.05565,Low-Low
dapagliflozin_share,QJG,0.7415624799640956,0.8321393787646459,0.7103000462737842,0.591068639242766,0.0799,0.25943076923076924,Not significant
dapagliflozin_share,QJK,0.6933004827848598,0.26744975817186145,0.8786194302920067,0.2349865541566959,0.0444,0.18648,High-High
dapagliflozin_share,QJM,0.7128581527215847,0.4962843249477192,-0.16068672550520843,-0.07974630309541182,0.3383,0.44874375,Not significant
dapagliflozin_share,QK1,0.5933633964037957,-0.901864374894129,-0.45203489528793306,0.4076741682691848,0.1002,0.28056000000000003,Not significant
dapagliflozin_share,QKK,0.7341893406179157,0.7458699431151125,-0.1558659384356756,-0.11625571863460098,0.3419,0.44874375,Not significant
dapagliflozin_share,QKS,0.6716174549020225,0.013747435348593368,-0.19172643595717895,-0.0026357467829375447,0.3189,0.44874375,Not significant
dapagliflozin_share,QM7,0.653646547569279,-0.19652121154861973,0.09312431641573131,-0.018300903486656535,0.4295,0.45381,Not significant
dapagliflozin_share,QMF,0.6665050763742797,-0.04606996260193841,-0.06899815438503513,0.003178742392121341,0.404,0.45381,Not significant
dapagliflozin_share,QMJ,0.6729312840375173,0.029119896485894078,-0.3074689625802226,-0.008953464362961322,0.2612,0.44874375,Not significant
dapagliflozin_share,QMM,0.7506146095358897,0.9380538438140185,0.9216378950357174,0.8645459700429156,0.0318,0.17873333333333333,High-High
dapagliflozin_share,QNC,0.7185795466177662,0.5632275087637143,-0.2915125156113806,-0.16418786794124127,0.1978,0.4362272727272727,Not significant
dapagliflozin_share,QNQ,0.6652054565759673,-0.06127616735344087,-0.36546459874566084,0.022394269914497233,0.2129,0.4362272727272727,Not significant
dapagliflozin_share,QNX,0.6688363228114149,-0.018793207742308395,-0.12301214087091156,0.002311792718213146,0.372,0.45381,Not significant
dapagliflozin_share,QOC,0.8308415394463394,1.8767492410270252,0.6525441602857995,1.2246617575529917,0.0803,0.25943076923076924,Not significant
dapagliflozin_share,QOP,0.6161282043970459,-0.6355046811409915,-1.0886823395050451,0.6918627230309823,0.0205,0.1722,Low-Low
dapagliflozin_share,QOQ,0.6173922568693092,-0.6207146319782754,-0.7315779986992974,0.4541011682260376,0.0383,0.17873333333333333,Low-Low
dapagliflozin_share,QOX,0.7050281725838841,0.4046696224565111,0.6218234963673674,0.2516330795095703,0.0382,0.17873333333333333,High-High
dapagliflozin_share,QPM,0.6347053320860617,-0.41814295142526775,0.1384090017146616,-0.05787474848079355,0.3849,0.45381,Not significant
dapagliflozin_share,QR1,0.6703316480963366,-0.0012971504475945968,0.22914573677820632,-0.000297236495026244,0.309,0.44874375,Not significant
dapagliflozin_share,QRL,0.7445893205605818,0.8675549348527389,-0.09809919103145459,-0.08510643728439998,0.3993,0.45381,Not significant
dapagliflozin_share,QRV,0.6123410993306849,-0.6798157135901096,0.011556246410331983,-0.00785611789986298,0.5206,0.5206,Not significant
dapagliflozin_share,QSL,0.8238332646099636,1.7947489035012987,0.5353281235893349,0.9607795628253665,0.0938,0.28056000000000003,Not significant
dapagliflozin_share,QT1,0.5509654016730489,-1.397942219942384,-1.3569415796658093,1.8969259242101468,0.0018,0.0252,Low-Low
dapagliflozin_share,QT6,0.6793914568320684,0.10470716467893833,0.26744975817186145,0.02800390587224333,0.4281,0.45381,Not significant
dapagliflozin_share,QU9,0.6363192907967337,-0.3992588234312056,0.012663807246112848,-0.005056136781242592,0.5168,0.5206,Not significant
dapagliflozin_share,QUA,0.6756308490860602,0.06070616419391729,0.13635496893605348,0.008277587132888554,0.4322,0.45381,Not significant
dapagliflozin_share,QUE,0.79321415907374,1.4364899813947871,0.13266923078888238,0.19057802086758235,0.3179,0.44874375,Not significant
dapagliflozin_share,QUY,0.7330715209313727,0.7327908910331838,0.7327071251700717,0.5369211071197394,0.0744,0.25943076923076924,Not significant
dapagliflozin_share,QVV,0.733380168500157,0.7364022226957833,0.8336058047456025,0.6138691674667688,0.0268,0.17873333333333333,High-High
dapagliflozin_share,QWE,0.7790639213899793,1.270925089430921,-0.39476152109635465,-0.5017123215032709,0.2285,0.4362272727272727,Not significant
dapagliflozin_share,QWO,0.6031014098915939,-0.7879247233432383,-1.5448308463415221,1.2172104172157445,0.0004,0.008400000000000001,Low-Low
dapagliflozin_share,QWU,0.6399954750045421,-0.3562456207693464,-0.1873569133414338,0.06674507989874773,0.2735,0.44874375,Not significant
dapagliflozin_share,QXU,0.56358053735809,-1.250338792814067,0.30545890200878667,-0.3819271147919767,0.222,0.4362272727272727,Not significant
dapagliflozin_share,QYG,0.7243403973586857,0.6306323574917957,-0.47859298470379796,-0.30181622222279103,0.1414,0.3493411764705882,Not significant
dapagliflozin_share_need_adjusted,QE1,-0.046130482743148384,-0.5770185460964786,-0.002027398634173422,0.0011698466122487343,0.4559,0.4559,Not significant
dapagliflozin_share_need_adjusted,QF7,-0.15996569918054668,-2.0009150062536576,-1.5528124513040116,3.107045735711724,0.0014,0.0294,Low-Low
dapagliflozin_share_need_adjusted,QGH,0.03359346679664535,0.4202005315506348,0.3483626905096092,0.14638218772454709,0.175,0.38971578947368424,Not significant
dapagliflozin_share_need_adjusted,QH8,-0.03855469376500829,-0.4822575446553854,0.4881762145544952,-0.23542666259021147,0.1034,0.36428,Not significant
dapagliflozin_share_need_adjusted,QHG,0.05374497265647214,0.6722636343288827,-0.11026509735016173,-0.07412721508424777,0.3923,0.4559,Not significant
dapagliflozin_share_need_adjusted,QHL,-0.028437152273882382,-0.35570328521292127,0.3851694943583746,-0.1370060545070736,0.2241,0.392175,Not significant
dapagliflozin_share_need_adjusted,QHM,0.049970513370384,0.6250511865059027,-0.7929824980674041,-0.4956546512954456,0.1301,0.36428,Not significant
dapagliflozin_share_need_adjusted,QJ2,-0.2740057057020564,-3.427373062768866,-0.43148570419110727,1.4788624795144563,0.0453,0.3493,Low-Low
dapagliflozin_share_need_adjusted,QJG,0.05555515451090146,0.6949061136549541,0.37590086326935757,0.2612158080140516,0.2454,0.39433333333333337,Not significant
dapagliflozin_share_need_adjusted,QJK,-0.01858157527790283,-0.23242578255099952,0.6911448087018572,-0.16063987301859003,0.1002,0.36428,Not significant
dapagliflozin_share_need_adjusted,QJM,0.07663481304173156,0.9585789216201187,-0.28383086006109143,-0.27207427975987186,0.2386,0.39433333333333337,Not significant
dapagliflozin_share_need_adjusted,QK1,-0.04895309222642239,-0.6123248755209075,-0.3527838814328406,0.21601834628414673,0.1489,0.3730588235294117,Not significant
dapagliflozin_share_need_adjusted,QKK,0.08255873535973934,1.0326777135655454,-0.18433630903954995,-0.1903599981460742,0.3234,0.44208387096774193,Not significant
dapagliflozin_share_need_adjusted,QKS,-0.01689266866040813,-0.21130026244001324,-0.507184973892075,0.1071683180890267,0.151,0.3730588235294117,Not significant
dapagliflozin_share_need_adjusted,QM7,-0.04898825356943348,-0.612764687675834,0.18924364573667396,-0.1159618234744692,0.3263,0.44208387096774193,Not significant
dapagliflozin_share_need_adjusted,QMF,0.05381409977665276,0.673128304022555,-0.03300598006281577,-0.022217259382285443,0.454,0.4559,Not significant
dapagliflozin_share_need_adjusted,QMJ,0.025643251580198922,0.32075605682245434,-0.12102594067471276,-0.03881980350404915,0.3769,0.4559,Not significant
dapagliflozin_share_need_adjusted,QMM,0.020590165107646937,0.25755002826369366,1.001965047158279,0.2580561262148479,0.0228,0.2394,High-High
dapagliflozin_share_need_adjusted,QNC,0.04142843428937654,0.5182034416121416,-0.08719975275465966,-0.04518721198519246,0.3813,0.4559,Not significant
dapagliflozin_share_need_adjusted,QNQ,-0.006428185560257654,-0.080406318456755,-0.6178784047486956,0.04968132777977538,0.11,0.36428,Not significant
dapagliflozin_share_need_adjusted,QNX,-0.047900315349156695,-0.5991563208698226,-0.4904062816244141,0.293830023429534,0.1763,0.38971578947368424,Not significant
dapagliflozin_share_need_adjusted,QOC,0.13359085195082115,1.6710078581595111,0.6475749268824419,1.0821027915676313,0.0823,0.36428,Not significant
dapagliflozin_share_need_adjusted,QOP,-0.012372006014082067,-0.1547540042510251,-0.8689698335631901,0.1344765613172505,0.0499,0.3493,Low-Low
dapagliflozin_share_need_adjusted,QOQ,-0.08066150926536111,-1.0089464500383294,-0.46153895610549434,0.46566809131703485,0.1097,0.36428,Not significant
dapagliflozin_share_need_adjusted,QOX,0.010317469661008473,0.1290550410311154,0.4324325162139263,0.055807596123176734,0.1188,0.36428,Not significant
dapagliflozin_share_need_adjusted,QPM,-0.03138308648729142,-0.3925522097338832,0.2338569301691485,-0.09180105469948166,0.2978,0.43129655172413794,Not significant
dapagliflozin_share_need_adjusted,QR1,-0.02762990201282028,-0.34560587577179813,0.11954850093118709,-0.04131666436152854,0.4242,0.4559,Not significant
dapagliflozin_share_need_adjusted,QRL,0.05756812554101554,0.7200851611754079,-0.4657421381640383,-0.3353740026260306,0.1276,0.36428,Not significant
dapagliflozin_share_need_adjusted,QRV,-0.033852565221079614,-0.4234414383708592,-0.014613680338290691,0.006188037822337754,0.4461,0.4559,Not significant
dapagliflozin_share_need_adjusted,QSL,0.11734387461249776,1.4677841612729265,0.3592786268194579,0.5273434779294868,0.2044,0.392175,Not significant
dapagliflozin_share_need_adjusted,QT1,-0.1038599440433442,-1.2991217595368867,-1.2181960945923282,1.582585053867749,0.0037,0.051800000000000006,Low-Low
dapagliflozin_share_need_adjusted,QT6,0.006510676944984278,0.08143815372208234,-0.23242578255099952,-0.01892832660836358,0.4165,0.4559,Not significant
dapagliflozin_share_need_adjusted,QU9,-0.0630099434519792,-0.7881535981906941,-0.05699992232177743,0.04492469387449895,0.379,0.4559,Not significant
dapagliflozin_share_need_adjusted,QUA,0.06251052015822431,0.7819066116929952,0.1942335626499517,0.15187250684868284,0.3719,0.4559,Not significant
dapagliflozin_share_need_adjusted,QUE,0.1081201488023613,1.3524101061997644,0.06042492253520487,0.08171927590294896,0.4105,0.4559,Not significant
dapagliflozin_share_need_adjusted,QUY,0.08124725064302446,1.0162731376871526,0.41707777551074793,0.4238649395778856,0.2165,0.392175,Not significant
dapagliflozin_share_need_adjusted,QVV,0.0419088050269919,0.5242121111105631,0.5211246452321127,0.273179850428869,0.1283,0.36428,Not significant
dapagliflozin_share_need_adjusted,QWE,0.10535774318362205,1.31785683081504,-0.4569224894713169,-0.6021584239027882,0.2106,0.392175,Not significant
dapagliflozin_share_need_adjusted,QWO,-0.03803911930245785,-0.47580853287196484,-1.4338014138816713,0.6822149471687868,0.0009,0.0294,Low-Low
dapagliflozin_share_need_adjusted,QWU,-0.014360957637956855,-0.1796326074222733,-0.22227655303820398,0.039928116791087806,0.2535,0.39433333333333337,Not significant
dapagliflozin_share_need_adjusted,QXU,-0.1582939216491155,-1.980003743608637,0.2509021950597919,-0.49678728549801243,0.2858,0.4287,Not significant
dapagliflozin_share_need_adjusted,QYG,0.08029170637866523,1.0043208074845493,-0.39398686266894334,-0.3956892040539774,0.1886,0.392175,Not significant
