Drug,mean_within_area_share,r,r_leave_one_out,change
Omeprazole,0.030817343327607,0.2402453993962041,0.16574401826579083,-0.07450138113041327
Lansoprazole,0.02655309053539819,0.2215696429379037,0.15475103673948565,-0.06681860619841806
Lisinopril,0.006240836175552188,0.3595297617056134,0.29672000367063434,-0.06280975803497907
Catheters,0.001356629408105463,0.7017000088208981,0.6466643152524505,-0.05503569356844762
Co-codamol (Codeine phosphate/paracetamol),0.012436279764542377,0.2365439251144467,0.20089717651976585,-0.03564674859468084
Losartan potassium,0.010200780173049982,-0.021693748243798,-0.05030588819645195,-0.02861213995265395
Metformin hydrochloride,0.020631065656016828,0.2751528350979717,0.249428906482609,-0.02572392861536274
Ramipril,0.027746735071201654,0.2388018360243824,0.21313765506003246,-0.025664180964349942
Paracetamol,0.012977438511420343,0.1756697932080642,0.15136676560713777,-0.024303027600926425
Colecalciferol,0.021730835558276484,0.1261568661585926,0.10303255041686091,-0.023124315741731682
Levothyroxine sodium,0.028451437925192537,0.0546246516782183,0.034420117990962236,-0.02020453368725606
Influenza,0.010089911824125311,0.1773359138401034,0.15903441997287907,-0.018301493867224322
Amlodipine,0.03080690694901409,0.1410007839407593,0.1273852262568022,-0.013615557683957086
Simvastatin,0.011703852089206926,0.0059035884271461,-0.006223186543380034,-0.012126774970526135
Dapagliflozin,0.004914904954648563,0.1323135072565904,0.12044039898668882,-0.011873108269901594
Amitriptyline hydrochloride,0.013022636580285421,0.1935042178006112,0.18183716579455547,-0.011667052006055723
Atorvastatin,0.05275782080633091,0.1126308817735836,0.10160917120946932,-0.011021710564114287
Sertraline hydrochloride,0.018440261419227947,0.1087255668149562,0.09902169107063079,-0.009703875744325408
Beclometasone dipropionate,0.012208013187128698,0.0562370255961156,0.04705517047520797,-0.009181855120907627
Empagliflozin,0.0028206206680868365,0.1891952168127135,0.18073282594977322,-0.008462390862940289
Bisoprolol fumarate,0.02380565904562072,0.1033580268613578,0.09497474626376648,-0.008383280597591317
Salbutamol,0.016426472998635838,0.3299304513154701,0.32292439139368073,-0.007006059921789376
Citalopram hydrobromide,0.01142287423075192,0.1612931968756683,0.154527265410952,-0.006765931464716296
Semaglutide,0.0009996123796711966,-0.0458389536068866,-0.050092412374874606,-0.004253458767988008
Ketoprofen,0.00013776652658187166,0.4979638681567072,0.49474358255913603,-0.0032202855975711486
Aspirin,0.016930656090903166,0.0211967647067679,0.018232209992994897,-0.0029645547137730037
Hydrocortisone butyrate,2.242660767120622e-05,0.5467325751837646,0.5464814660117041,-0.0002511091720605041
Chlortalidone,1.2566711398346603e-05,0.6004708821536077,0.6002690473071304,-0.000201834846477289
Thyrotropin alfa,9.442554299848307e-10,0.5979889245472824,0.5979888030350521,-1.2151223027778713e-07
Padimate O,2.2079391112144768e-10,0.6477741137314688,0.6477740827536511,-3.097781764438423e-08
