Drug,year,I,p
Dapagliflozin,2021,0.0685262312609638,0.1696
Empagliflozin,2021,0.16419344380536063,0.036
Semaglutide,2021,-0.006884276795113402,0.4159
Tirzepatide,2021,,
Liraglutide,2021,-0.08510859422666986,0.7272
Chlortalidone,2021,0.09158208029413663,0.0478
Indapamide,2021,0.2486695259545979,0.006
Bendroflumethiazide,2021,0.16379223046853053,0.0284
Hydrocortisone butyrate,2021,0.09260354367526051,0.0573
Lisinopril,2021,0.02532108843746804,0.2591
Ketoprofen,2021,0.01423436918718442,0.2247
Loperamide hydrochloride,2021,0.6596428305105696,0.0001
Mebeverine hydrochloride,2021,0.661011458318131,0.0001
Dapagliflozin,2022,0.12012576131150472,0.0762
Empagliflozin,2022,0.1780251182554215,0.0283
Semaglutide,2022,-0.014023913268266328,0.4439
Tirzepatide,2022,,
Liraglutide,2022,0.005434661410181415,0.3656
Chlortalidone,2022,0.11083070133854005,0.0264
Indapamide,2022,0.1906752770855733,0.017
Bendroflumethiazide,2022,0.16775462974997063,0.0283
Hydrocortisone butyrate,2022,0.15292484417701477,0.0158
Lisinopril,2022,0.028733560452033728,0.2487
Ketoprofen,2022,0.00215639138303341,0.2806
Loperamide hydrochloride,2022,0.6754259077521018,0.0001
Mebeverine hydrochloride,2022,0.6661542579202971,0.0001
Dapagliflozin,2023,0.24936038924501408,0.0043
Empagliflozin,2023,0.21669222312464165,0.0103
Semaglutide,2023,-0.04503175656676826,0.565
Tirzepatide,2023,-0.0504408378349276,0.5484
Liraglutide,2023,-0.007791937097981178,0.4107
Chlortalidone,2023,0.128224903579995,0.0165
Indapamide,2023,0.12851707994139855,0.058
Bendroflumethiazide,2023,0.1532248560224593,0.0304
Hydrocortisone butyrate,2023,0.1306826341748103,0.0338
Lisinopril,2023,0.03252363616222327,0.2423
Ketoprofen,2023,-0.014323836548615708,0.3502
Loperamide hydrochloride,2023,0.6811173761170091,0.0001
Mebeverine hydrochloride,2023,0.6637503018040163,0.0001
Dapagliflozin,2024,0.31824420605543835,0.0005
Empagliflozin,2024,0.2395456995567826,0.0078
Semaglutide,2024,0.034479027854902436,0.2623
Tirzepatide,2024,0.007329818600425066,0.359
Liraglutide,2024,0.26450081240623874,0.0044
Chlortalidone,2024,0.11865563397247612,0.0239
Indapamide,2024,0.07622928586840888,0.1407
Bendroflumethiazide,2024,0.14007886299379324,0.0372
Hydrocortisone butyrate,2024,0.11368154399541058,0.0478
Lisinopril,2024,0.03334775915151994,0.2395
Ketoprofen,2024,-0.0225285735828066,0.3911
Loperamide hydrochloride,2024,0.68702651139414,0.0001
Mebeverine hydrochloride,2024,0.6729775159322609,0.0001
Dapagliflozin,2025,0.3544919430878882,0.0004
Empagliflozin,2025,0.28041210702755015,0.0023
Semaglutide,2025,0.1607027467780611,0.0343
Tirzepatide,2025,0.003118038105900646,0.3669
Liraglutide,2025,-0.04616254737559474,0.5489
Chlortalidone,2025,0.09821773127494557,0.0329
Indapamide,2025,0.04299727435987319,0.2258
Bendroflumethiazide,2025,0.1404002905125234,0.0316
Hydrocortisone butyrate,2025,0.11631850018265395,0.0486
Lisinopril,2025,0.037292313118619365,0.2223
Ketoprofen,2025,-0.021600225372395275,0.4007
Loperamide hydrochloride,2025,0.6977536039622158,0.0001
Mebeverine hydrochloride,2025,0.6866688757698605,0.0001
