nominal,clustered,median_R2,neighbour_pct,variant,rep,moran_x1,moran_x2,moran_x3,moran_x4,moran_x5,mean_canonical_corr_with_real
668,364,0.1379752818779172,8.009007518006857,need,0,0.49225389260391184,0.22188262910957962,0.37600455129718025,0.6160415920612211,0.34259467975038904,0.3796565437509002
641,385,0.13053810495800033,7.831493851454561,need,1,0.48978399796393574,0.20827291969638748,0.38615086159757644,0.6323648650052736,0.34520792445455595,0.38570409637634706
678,398,0.13444615206973837,8.50501820206623,need,2,0.509442253019198,0.21040935141923509,0.36946106872362905,0.6442242358966145,0.33132006826128724,0.5099337786408161
611,337,0.12468908468676615,8.497311834217472,need,3,0.48370386978875357,0.21026556993626094,0.3888002445363792,0.6246716279778025,0.3488994002293288,0.39618362783217476
604,310,0.13742045006595288,7.005547687103476,need,4,0.48399008311894604,0.20838824999388947,0.388971155521453,0.6236068802390458,0.35115288203991657,0.3480684579638624
599,265,0.14059102591027534,7.021623644948394,need,5,0.49510725011119316,0.214948228499126,0.37716874889603197,0.6376782026839402,0.3345223229258096,0.33465488713253133
655,331,0.12788932991174656,7.622555548076806,need,6,0.5075857790187034,0.2154823816768082,0.3702014867951626,0.6420953074055898,0.3318672128894955,0.36600050219173047
486,104,0.1438360014388731,6.119293706713849,need,7,0.4886193784002023,0.219783238831382,0.37919468732011147,0.629191949889619,0.3420915808404321,0.40922914305204455
638,347,0.1255703467417203,8.176712956781044,need,8,0.49212153038378187,0.2173770221787311,0.38095885423800097,0.63854017341782,0.3362700921726971,0.4787887350191323
612,266,0.1306961395703521,7.611441930120068,need,9,0.4916491016296197,0.22151504944216088,0.3784150070816985,0.6130468952405863,0.34765519643352893,0.39889731483953406
640,320,0.13507479997513133,8.429044077910374,need,10,0.5100696670923853,0.2208412245558348,0.36709153493390145,0.6392497691561992,0.33391539607358295,0.29826336739526355
569,188,0.15748239802110697,7.353214916022323,need,11,0.48143918390229157,0.2191815232915571,0.3832958758269826,0.6131797988763725,0.3511111301648636,0.4147280628404516
563,225,0.14127213977789427,7.468571827276096,need,12,0.4865598574209929,0.21061724710052576,0.38727351246300773,0.6243424532055417,0.3511496673346247,0.37874231461809515
615,308,0.13628978671727338,7.728309844008786,need,13,0.48607569383629684,0.20760792398320613,0.38592164707074406,0.6230595640876346,0.34581146324476575,0.45655875357166187
623,307,0.13407023208057295,7.956380927899488,need,14,0.4952702134503516,0.21970711206636231,0.3795195043150635,0.6335131485038302,0.3431916995971304,0.35933647843008226
572,209,0.14264578341445383,7.760120874469113,need,15,0.49184733374427103,0.20999457099183547,0.3779965703026865,0.6344290685573137,0.33723171697421395,0.34885661256296957
661,398,0.12044813650895336,8.854889674138558,need,16,0.5042283873097005,0.20643126845626503,0.3798484052168062,0.6452397841597567,0.33890744532650713,0.35614357396948804
639,321,0.12939124935926277,8.487886983835237,need,17,0.5107722624853498,0.2089786057152011,0.3670747000238854,0.6419933732037395,0.33201221881712567,0.3511815889084876
570,272,0.13249244595745008,7.214112546325642,need,18,0.502189294514293,0.2099504918597183,0.3711607610211528,0.6272727545111878,0.3363534172801893,0.3745141590163903
714,337,0.13284883884889215,7.720282504847028,need,19,0.4998498685424846,0.2305421321337067,0.3664946898076245,0.6313333810616454,0.3307087958655087,0.46030316490306883
625,348,0.12903696746281218,7.1470680985412205,need,20,0.5004439068732055,0.21450575960657445,0.3747948556254897,0.6266144444354741,0.3379631423890683,0.42630157804958424
560,182,0.12880432641976025,6.1706865216199205,need,21,0.4808049003255267,0.2200049619447016,0.384942113869285,0.6125907987718692,0.3503587284833188,0.36085961416821033
550,178,0.13896423368072658,7.116319621613564,need,22,0.48963209731303475,0.2197332283453881,0.37832873868336575,0.6164239074886053,0.34381249106766504,0.3441179815465532
663,344,0.14369053090128725,8.957774952941087,need,23,0.5039368500159828,0.22131134223344048,0.37126502535770944,0.6273419423474034,0.33763245243652323,0.35028265159184796
624,296,0.12487778377624636,8.129294322624409,need,24,0.5070810546793354,0.2111529640464673,0.37299493297284947,0.6360571896722236,0.3365464768794253,0.3591880624952609
731,362,0.12751645670066425,8.648424930030913,need,25,0.49352426681615225,0.22298339307898773,0.3756930374121444,0.6227336410965836,0.3398711885368791,0.353519610559602
647,351,0.12938995581061397,7.944741398734051,need,26,0.49516580905058044,0.21356285144555084,0.3823655479579356,0.6337182750209319,0.3459383777786002,0.37168478875234107
512,197,0.15756205157601938,7.006254835863113,need,27,0.49054126800805975,0.21640007948839868,0.3780817150801227,0.6159301457543191,0.3466004957278805,0.4296166853986314
599,271,0.1349312910369132,6.553909906232943,need,28,0.49835518460860806,0.21892933974851048,0.37238494530622346,0.6331518266173681,0.3324930044419893,0.38525318309703116
676,360,0.13323432792627926,7.94468884793371,need,29,0.49173913718317164,0.21235929755101637,0.3804937684772106,0.6173348350058024,0.3475847328853755,0.3324173338429758
625,318,0.14221103165974464,8.320280979290484,need,30,0.4916196599781081,0.22158699559135644,0.37521753214267994,0.617951957580839,0.3465643736256117,0.364596139321416
579,273,0.12978784099315294,6.727142236298313,need,31,0.5019059355769558,0.21521956686056432,0.36718761862099075,0.6261858180605474,0.3311872701382817,0.4124022991736214
558,190,0.14476428235999178,6.38944946564744,need,32,0.4933998358042923,0.21727661615509036,0.3866607961386022,0.6376314245423031,0.34656503692816537,0.41551758409835493
678,380,0.13801289142405893,8.362330617809317,need,33,0.4964685789289111,0.20490243633008287,0.3801555751998621,0.6387147678751717,0.3375799143273774,0.3559340576152549
499,96,0.13823065081097563,5.982966379933341,need,34,0.4946776617380779,0.21133381283878963,0.38095759352174,0.6251419458901684,0.34613008640582626,0.418829894691228
599,287,0.13125674103736185,7.5706278601154455,need,35,0.5003061242684195,0.2117246518676813,0.37265641578181624,0.6260706165134536,0.33805027011217365,0.38141718038571415
511,105,0.13613584778036114,5.911845265852935,need,36,0.4918269981444134,0.21928477668033916,0.3878312913537196,0.6288409588231622,0.35012564526284384,0.4616308138064677
638,312,0.1416579074948635,7.331120136561022,need,37,0.5030473620927384,0.2274611394432524,0.3728603612520927,0.6340670106300358,0.33691057787634765,0.32523370133737506
568,218,0.14086647881734154,6.950664278893732,need,38,0.4922316193363695,0.2103207976289695,0.3797683565750857,0.6329958492805084,0.34000600759606414,0.43989953227577666
657,343,0.1397648120080205,8.350285408495433,need,39,0.505991395800653,0.21918069046080918,0.3689715878027937,0.6391230695830413,0.33074826761552645,0.325340346390009
647,312,0.14043479738892234,7.687148180532037,need,40,0.5041071012485518,0.21713591403421698,0.3667917158037569,0.6312175885559699,0.3336062061389471,0.3382502893499953
597,256,0.1314824443287363,7.254268030728774,need,41,0.49329826877480026,0.2140225342011654,0.37758773575838844,0.6337656008380927,0.3391876141472358,0.37838056449712065
655,325,0.1349413389484191,8.241798581982728,need,42,0.4853969084380854,0.22223129212059695,0.38063210471329567,0.610730028991118,0.346512000745365,0.35738482293742074
624,359,0.1337768580265199,7.985324119798243,need,43,0.5066328980380379,0.19956675589897757,0.3724056413659975,0.646231489826423,0.3317742840615992,0.33709897298674896
591,278,0.13434667868699074,7.899279549936954,need,44,0.49489934763775123,0.21360196375910684,0.3769402056797599,0.6406243069714322,0.3355287119042415,0.3750345233269876
599,276,0.13519785451890015,6.9877470395494665,need,45,0.49965958848569864,0.2198231239808262,0.3726435550079699,0.641117627922317,0.3350899108078793,0.3869213180494922
583,264,0.1379819378842752,6.909129838833711,need,46,0.4871666745945095,0.22090597394403258,0.3822288203771275,0.6246741808045008,0.3449110055167136,0.4540997194114971
624,314,0.124827015467314,7.7943914830948495,need,47,0.4863476988463129,0.2044063711746857,0.38610277468110055,0.6257034544700618,0.3430805308069259,0.36280626084319273
603,275,0.13610899683946714,6.946765585553402,need,48,0.5061421979830516,0.21048627994429095,0.3634658631890672,0.6355122993958142,0.32917659333468957,0.38359597479851637
609,301,0.14248156399734752,7.287700725220909,need,49,0.49587794329503176,0.21735693055323316,0.37097585598776206,0.6196913295301791,0.33975062589249677,0.3707866937665344
625,309,0.13476426609419212,6.9198509515083755,need,50,0.49371554379059757,0.22554602666409926,0.37422528296000684,0.620556321943755,0.3402843543515054,0.3885735371807559
585,291,0.12691948015024085,7.692943611585001,need,51,0.4812855532371284,0.21378096208773817,0.3867845389584918,0.6146743541018336,0.35113838782535534,0.3909149258134759
613,312,0.14282746383314954,8.902852040945314,need,52,0.4982480148149273,0.2051484571419805,0.3717087353242293,0.6411236674908434,0.33018448536851386,0.44744774876369686
638,334,0.12939937919340144,8.618494586476942,need,53,0.5103089017606182,0.21062117599481037,0.3665296359281198,0.6439681776090896,0.3286156386905929,0.3952720180729407
612,299,0.12932631959363267,8.563633705693048,need,54,0.4952684104626698,0.2149329735356023,0.3740209044869866,0.6184460371282074,0.34233363536737543,0.3296081564911454
636,359,0.14663914018026675,8.61502275560261,need,55,0.4976673292927748,0.22034888446678944,0.3746142463120849,0.6220609683756958,0.3442245955016987,0.4264610724302759
617,303,0.15275235320699837,7.881658694484827,need,56,0.4959829326323702,0.21765014463474008,0.3787893031177766,0.6361506526288462,0.3337197104830624,0.38194676553267143
581,235,0.12996263835179406,5.833944020566704,need,57,0.4873082575893967,0.2214632562244478,0.37627697308496405,0.6132179051764762,0.34495934749914636,0.4681386155127612
592,235,0.13177250620079956,6.8914296704486,need,58,0.4935711316033396,0.22206153678672896,0.37638856058748327,0.6182983822086566,0.3435965349534348,0.3744098746778061
626,297,0.13026058041341226,8.157870452677345,need,59,0.48769549438633225,0.21411392363538786,0.3825672998045052,0.6311451570938754,0.34499765012763767,0.41772539130382735
563,221,0.1357161560599966,7.3014038720657615,need,60,0.4944993964746092,0.22285247942250083,0.3768084182767968,0.6189206606226813,0.3473682664909979,0.4255448427092513
609,252,0.15048085892070107,6.333707489687289,need,61,0.5013203471649579,0.22558128322430093,0.36765934200820927,0.624744693716177,0.33508798654779653,0.3700764146784148
665,339,0.12725583572696147,8.29880924398891,need,62,0.480314406353894,0.22563552600601128,0.38704761552994094,0.6119616590373971,0.3505730706446531,0.34072008762790734
571,173,0.13507820385601144,5.980664406429761,need,63,0.4908673584628241,0.214458458304492,0.383056154126297,0.6331972995743685,0.34054279996983433,0.3676413445953115
638,314,0.12672440396505197,8.123178358041192,need,64,0.4929559447499884,0.21969615131430478,0.375154971056458,0.6171456715531725,0.34115113412030035,0.35868912674165404
650,260,0.14285225864188345,8.160033729965752,need,65,0.49330935836701073,0.2124463612232857,0.37423399530493906,0.6172228363256167,0.34062431908980867,0.47007666190745134
678,393,0.14301069877733974,8.134145449839268,need,66,0.5090907251656175,0.2153206905911117,0.36740585137711723,0.6336641452670204,0.33308354904945964,0.3852886203399362
563,200,0.15091558146622808,6.925318106985611,need,67,0.5043039650033492,0.22586490771671905,0.3696980189335087,0.6419374725553291,0.33206686913056266,0.3926441963505404
647,382,0.1404399133318227,8.361347418900284,need,68,0.5027805194371846,0.20674892167761738,0.3737832212585708,0.6441705795611378,0.332135497280865,0.3509231075363936
581,222,0.13474955266483662,6.427683111617528,need,69,0.5015302864268621,0.22435399652126362,0.375448098521934,0.6263605765423693,0.34370062496575526,0.3446984012253468
494,176,0.1475805162888119,6.7862948024068235,need,70,0.48570626377739123,0.22950497169249562,0.38167221542514546,0.613434163415951,0.3495260548278755,0.4753054279085521
639,317,0.12631730718573952,8.25887769954829,need,71,0.4984683141044041,0.20923858782647844,0.38053434815097914,0.6425107503835292,0.33703025025194605,0.40899500709612235
527,183,0.14125694594941118,5.551980954810302,need,72,0.49896635648164195,0.20878758390089847,0.3812208918265135,0.63936742406938,0.3431649631136242,0.4289589393984543
681,422,0.11785087235721897,9.609072844126365,need,73,0.5030119443385705,0.21834368907682386,0.3758239390811244,0.6457642250515518,0.33606106701235056,0.3498906260025125
635,344,0.131163936539004,7.0630884787720705,need,74,0.5048423423959422,0.20973207033544267,0.3734832717278335,0.6469108071484396,0.3330242218297008,0.3695193060531484
588,243,0.14805880854942394,6.037314093922393,need,75,0.49039905053122357,0.22830690123887395,0.3771401363076455,0.6164134746627359,0.3456844367884224,0.4154245583115711
658,336,0.14685789998014798,7.486627774160457,need,76,0.4975680365512781,0.21548647759755457,0.3687749189235145,0.6319131751302932,0.33066525131701935,0.4085735496396835
603,253,0.12460793812271609,6.891284986119426,need,77,0.5061082422713622,0.20820168367554306,0.37154038815160056,0.6388232681435606,0.33336818854460115,0.4058852272160724
583,219,0.13407893346129723,7.482168470182982,need,78,0.4877117257088272,0.20426743624433805,0.38253590368470103,0.6282627773034868,0.34264577354133485,0.40058270939292084
636,317,0.13804812160580698,7.648648003103564,need,79,0.4937633076397349,0.21204859422798122,0.3825977242455754,0.6377985360346777,0.34263508109770374,0.3323865061626048
582,277,0.1368724903764194,7.433665796510297,need,80,0.49174807450713165,0.20620249426888437,0.37646137674713753,0.6357091157494833,0.33509613898601215,0.4410676719661916
560,240,0.14167080535353488,6.435062478525012,need,81,0.487492751338689,0.21777569037540304,0.3817222928447912,0.6346328348720872,0.33679230257415876,0.4532799667507736
560,179,0.13763785510869997,7.560253918511173,need,82,0.4966303098704966,0.21251157354865705,0.3774195024500077,0.6395815843098526,0.3388986332300441,0.3418270278726888
627,349,0.12386091374505337,8.525041578929462,need,83,0.48938959006030563,0.21842554266107472,0.388972778846109,0.6329477086577386,0.34680605796055997,0.3608571707550171
648,352,0.11374732832192597,7.889925882545585,need,84,0.4998724523241972,0.22055305445980863,0.3684889675340976,0.6341661993694684,0.3323257315199468,0.42219490035027024
555,192,0.13344916501531512,6.432548171258306,need,85,0.5059518012147693,0.22048936077250939,0.3747911888769065,0.642484930193415,0.335616781522358,0.47979442695733754
603,239,0.14057439778835062,6.436518394517672,need,86,0.4999109972872798,0.2167570408692622,0.37367982884013845,0.6225716387400622,0.3447936878618492,0.41119620246832944
590,294,0.13699390318535665,7.880714060774224,need,87,0.48793873929796333,0.20795088104392392,0.38885779478809523,0.6218289721965148,0.35102119923037317,0.43812352770353413
541,191,0.1309645366926951,6.470287570615626,need,88,0.4971730348531761,0.2318356012444834,0.3777451093021468,0.6409732120723406,0.33996578209730816,0.4443816716852411
597,180,0.16477313470406557,6.492724855909429,need,89,0.4879909853376239,0.2088614145298374,0.38468356604979415,0.6170076761472068,0.3491732841248779,0.5586150580769914
622,281,0.1374401331359088,7.435003912420021,need,90,0.4987086940353676,0.2201620417301238,0.3743662770430751,0.6360424424723253,0.33423510774721865,0.4365830623858334
659,384,0.11844738060777066,8.614781974196502,need,91,0.5034707797881044,0.21190853713987098,0.3798745372423864,0.6441884173860293,0.34034124117490094,0.35470957324690044
606,340,0.13477423165376812,7.968088536863234,need,92,0.4811211425545277,0.22716967883232317,0.3807387652270772,0.6077512343841723,0.3468351834340899,0.3829901961577129
586,242,0.14062890918615084,7.349478729277251,need,93,0.4863848457887609,0.21952410115699506,0.37987324734329436,0.6147315709109665,0.3476371035382802,0.35877669813401414
599,289,0.13661597359307776,7.400434137896433,need,94,0.4985736043742452,0.22016286267098245,0.3776829790921977,0.6203284554202236,0.349367724763106,0.482665484888969
584,274,0.1316629562125075,7.508429851499401,need,95,0.5029902795315214,0.21860561229125108,0.3686614463679456,0.6422956478261829,0.3297096164955859,0.3520263401142027
588,229,0.13563141225689845,7.447133179600693,need,96,0.489946482593887,0.2201347503286352,0.37937845643015156,0.6238966715690051,0.34640288593716556,0.4350717877315571
628,354,0.13646458881840218,8.798719794024139,need,97,0.48592404077435786,0.20386967367372238,0.38185299358432356,0.6164882375342704,0.34578112321439464,0.38886982986941054
649,385,0.14231792350029626,8.135520032065896,need,98,0.5109617616236414,0.21615901467549334,0.36751037253959645,0.6453068573507736,0.3294914476636214,0.40032857916381187
683,370,0.1349349063612561,8.231586240162667,need,99,0.4979179091668561,0.22896647727489902,0.36688866573617024,0.6279632939428037,0.328817690373474,0.4238084620206271
622,234,0.13205475967934005,6.42231235839784,need,100,0.4897315982410945,0.226717121433267,0.37493189314699477,0.6157012420275765,0.3435623000602587,0.383056085752767
690,205,0.16024615029696615,8.289843411002204,need,101,0.48792294265835706,0.2179703963326089,0.38508054944744013,0.6249337424445038,0.3487889598588223,0.4096855448365745
570,216,0.1306802314585394,6.236996479179515,need,102,0.4888506018547029,0.20469816274933847,0.3842619504995632,0.6144919325211233,0.3479483421289148,0.38890270031548646
660,352,0.14583175585068642,7.383474873264805,need,103,0.49995261499993204,0.20845597711049982,0.3741993430328586,0.6380314664403985,0.3333819107092882,0.4759742842057806
663,369,0.1323024957053377,7.645698177801228,need,104,0.4933962473098412,0.22309038112991922,0.38060481065161095,0.6187119626690453,0.35105185506900755,0.38396124019674693
660,385,0.13775074356073364,7.798493614434072,need,105,0.5014354676507333,0.2106584712957312,0.3670637743721347,0.6406301066865668,0.32543734456706674,0.35792642780467726
664,395,0.12419138077021719,9.002358931789129,need,106,0.5018236330641042,0.21259828310228304,0.3728889540192185,0.6306967867095336,0.33406006229576235,0.41815223318597494
590,244,0.13771670843625528,7.043521768667799,need,107,0.4958977819204449,0.2132190200508792,0.38418835523960865,0.6379440881976833,0.34186279612431975,0.35664856095703507
526,143,0.15027481776541385,5.079339876780932,need,108,0.4963367663029293,0.2133381812956965,0.38095205589205783,0.6187303064206315,0.3514894979696027,0.4788588239086609
550,257,0.1298066243667937,6.206667615058853,need,109,0.49535697993354616,0.2153698080791814,0.37341517045715694,0.6198609762418974,0.33994876590081236,0.48860398682633327
612,308,0.13939406605844928,8.016278358018718,need,110,0.48925555040416907,0.214578265625697,0.3893410817832518,0.6335407428566924,0.34912102223982255,0.4218786102505617
656,363,0.13939528050019484,8.144869799610634,need,111,0.49636640372214785,0.21018154025385158,0.3776389642888962,0.6416871291286338,0.33520812317454923,0.36755929675515797
627,318,0.1340722157460983,5.788150495781415,need,112,0.5054773287421157,0.21456845093972862,0.3750928513918576,0.6447987790722938,0.33498429818879194,0.4107093986530498
540,195,0.15119688925328545,7.183008184950577,need,113,0.49106721657605923,0.2206378620701502,0.38437350302315515,0.623255482753318,0.35259478637335456,0.5028267117252565
581,199,0.14308583770880035,7.35818655498286,need,114,0.4920878940780322,0.21780905505988,0.384268025439139,0.6288433993170849,0.34936969729648076,0.32468512079521494
611,296,0.124973553383324,6.826346233490763,need,115,0.49414764488845203,0.21667092028999047,0.3744861797213603,0.6280250211280856,0.33308382036147655,0.3836568459715705
614,294,0.12880294561394245,7.218311148324773,need,116,0.4860144762561602,0.21056312446960837,0.39039767896206046,0.6289216081233736,0.34747759737804823,0.37636306139560577
642,338,0.13047129939925722,7.86906685721727,need,117,0.4827257066719578,0.21279401801671363,0.38987047679284026,0.6242342791358653,0.3487134299782102,0.4112023453096906
685,361,0.11502488376510339,9.107718105992834,need,118,0.4990373306811174,0.22337695874677074,0.36969966529171683,0.635900598394731,0.3293625205515552,0.39496195725352534
626,272,0.13170096329755276,7.325305397043656,need,119,0.5057534800896338,0.22262658052688658,0.3706084562513476,0.6288877253270285,0.33839778086546707,0.37194453098563207
602,305,0.12780855071701086,8.427390336915687,need,120,0.49571182306619216,0.23241612725550673,0.3666632142062667,0.6191799829568169,0.33604472931130397,0.3936277724904764
590,288,0.13459915068737988,6.641906018705475,need,121,0.4870315673947673,0.23371539857160228,0.38730430244654873,0.6130458937111397,0.3549067257657981,0.3849021778921857
626,290,0.14361930261182376,7.583349450471575,need,122,0.506213069747099,0.22089297588144685,0.3656968201593717,0.6301108996336073,0.33470976901815563,0.36059526579060636
598,308,0.12977811032796005,6.649810485922795,need,123,0.4850394977024701,0.23172740860467345,0.3785881376049214,0.6128661450798594,0.343285476265742,0.3526017507745768
495,92,0.1491819450976456,4.420818442876022,need,124,0.4918032768893939,0.20912525167011844,0.38248185318325484,0.6276916872315842,0.3454769257800451,0.47313502254416795
551,153,0.14137816655922408,7.0656854766246795,need,125,0.49620058514560694,0.22079956429282943,0.3761074219914327,0.6210895112549728,0.34694329576339655,0.3937472567492097
622,292,0.13761407084543698,7.659094705540764,need,126,0.5080452499172746,0.20838008428887386,0.3697052472237505,0.6342677835678642,0.33538975321352205,0.3912045237609957
616,354,0.12867759585730537,7.227431869969157,need,127,0.49899135964432456,0.21223228163985305,0.37253886918552237,0.6306940606777587,0.33289523689798217,0.5275109439387842
489,135,0.15117920851129635,4.654225452785943,need,128,0.4854051511379738,0.21674173424226886,0.3936227397446172,0.6229016719045686,0.35431143593440767,0.5513923607802221
628,322,0.15129140074026842,8.64079303373591,need,129,0.4944689980987195,0.22276091178494675,0.38083957323817913,0.6384857436267625,0.338357858789329,0.5317658376949397
673,405,0.1314418357924575,7.989827678880345,need,130,0.5000803001481587,0.21972900131423873,0.3792749648965574,0.6345247606798798,0.33896463425128337,0.3829400363521316
598,237,0.14646299203465862,6.86874559197841,need,131,0.49318365405967257,0.21491053706541163,0.38308987271882566,0.6285844985159326,0.3461015745083204,0.3869654781830721
617,309,0.14135819617375084,6.937662133262266,need,132,0.5122973618310053,0.22854355310938756,0.3664278023582348,0.6498776925357473,0.32901224351688363,0.43019623651498584
622,301,0.13775714159731606,8.340717223729705,need,133,0.5017169119745986,0.22008655783140338,0.3781691845550342,0.6408195786246706,0.3374428829582741,0.32480043295286326
564,214,0.13100250279132553,7.273294057016052,need,134,0.4837342484627007,0.2119463912105022,0.389461042630277,0.6170312286423646,0.3513374102648307,0.3758200582597907
655,370,0.13475761332246555,8.623881663385996,need,135,0.49841461817773003,0.22456411712002733,0.37495577226648186,0.6403367467577538,0.33616516817070263,0.3970680526289002
558,230,0.1432869110006747,6.9591371165404015,need,136,0.4992865285056334,0.22364382963969429,0.3785389689306112,0.6376907322403813,0.3439457939115129,0.3877098855871841
555,217,0.1431177799567711,7.611175413443417,need,137,0.4959145816477492,0.21193665696138703,0.3761575257916836,0.6418009031963998,0.3361406085052346,0.38746782960911547
564,205,0.15174983202671838,6.814070988639518,need,138,0.491122149194709,0.2145236023982087,0.3850434500658693,0.6321810710517538,0.3452029709072331,0.48944808179182697
587,249,0.12939091829858623,7.398818922079813,need,139,0.4959017509466756,0.20888164477910867,0.3872417122247388,0.6385139359083378,0.3449747400724995,0.35813166815273534
534,150,0.13579527639083772,5.933842661317065,need,140,0.49518429832417227,0.22271330681411025,0.37822257593474723,0.6402922048804415,0.33495843146898385,0.43636051239337953
653,390,0.13283908135076006,7.525901780684579,need,141,0.4973956217128123,0.2256526752935171,0.3775656297647129,0.6396182936234985,0.3347735033924346,0.45898297891506656
638,351,0.1434145998657414,7.941305076482653,need,142,0.5013863176758271,0.20882298311330474,0.36555759126392073,0.6312221095045211,0.32989992455992484,0.3805722019211996
603,247,0.14013806336089563,6.5262069294127105,need,143,0.5110403472126954,0.2123765264023687,0.3680647214259694,0.649825155762548,0.32855420268876856,0.32621985941174353
653,338,0.1304184145328327,8.531621148506643,need,144,0.5022753266157213,0.21011186498670528,0.37594194723729013,0.6357677834883696,0.3384859242351895,0.3512463179701961
608,208,0.13112823103159993,5.818431799811866,need,145,0.492279940226133,0.21990070392657107,0.3724991856032615,0.6175300974715713,0.34064301561106,0.4321187507148741
599,317,0.15105717973586252,8.459570736511067,need,146,0.48944620650445425,0.21925531270515394,0.38383813399419436,0.6356051989623612,0.34212185211312923,0.4310898364469321
546,152,0.1372293516714485,5.89790546878153,need,147,0.48752610621842013,0.22342791637922066,0.38571260272972274,0.6203041660737555,0.34905839586219384,0.4378469283689296
534,197,0.15509938347345198,6.1916665012133,need,148,0.4912189789650833,0.21338545283053853,0.3870486376887154,0.6327129233562051,0.34620813953962576,0.5090208613053343
608,320,0.13043202869722198,7.876312528708651,need,149,0.5078275894878209,0.20565113623616615,0.37448648912030097,0.6465491042999202,0.3336931545410431,0.36833599311295545
629,300,0.14082656930362025,8.016673611959133,need,150,0.49035726142099295,0.21974775142277475,0.38684660161909246,0.6358874805336977,0.3443669396781423,0.4886526713488628
605,337,0.14007593099434817,7.699822059868322,need,151,0.49419311447807773,0.21138159248477495,0.3767909726399878,0.6393334278623848,0.3338865371271924,0.42851774973915246
610,229,0.13110702779364602,6.842487316764541,need,152,0.4890832194573096,0.2178027786994995,0.3868106415694477,0.6174637990742506,0.3541492821584477,0.3167295691850925
480,134,0.13430828844955933,6.148066820945929,need,153,0.4892457191644669,0.22451409809760056,0.38310209590455957,0.6152584051087255,0.3506083112066039,0.44184899659889876
644,327,0.12907276923262784,8.820214704064545,need,154,0.48263055909888297,0.21097967772592252,0.388797526167385,0.6186824061234465,0.34769028406422414,0.4453656330245409
652,329,0.13309181841893963,8.005982748555287,need,155,0.49405850081136193,0.22408211111291237,0.3666666385008545,0.6222402555880825,0.33409822124178273,0.3632561889748021
594,211,0.13325508986507095,7.0168457298787965,need,156,0.48716988578770914,0.2277963845893998,0.3710418080156985,0.6126461274448871,0.3400911342841272,0.4328570493040892
644,368,0.1359744970964455,8.801712504039319,need,157,0.49749334085618024,0.22165200586063294,0.37478997175496553,0.630823925573593,0.33899578637319694,0.4116591728158598
621,286,0.1296330973420835,7.822165861295751,need,158,0.4878129247171937,0.2184478100245766,0.3842983903189511,0.6147138082934741,0.350613752382716,0.3900573291667801
570,264,0.13655371299811797,7.190333910353569,need,159,0.48461123304956544,0.2156583961482262,0.384960759921738,0.6137700146053491,0.35142579357275244,0.4543593149704684
640,320,0.12823252107067556,6.543191619365763,need,160,0.48933074234412594,0.214085079608159,0.38518712108802766,0.6338750136169844,0.3403606081565393,0.44294460838973515
650,338,0.13662061549178145,8.403055601042736,need,161,0.5064200664661799,0.21287844800186093,0.36722991801743404,0.6458866707947052,0.33030803224172456,0.42334196060287266
644,347,0.12652173502217462,7.954635751934287,need,162,0.498875185730265,0.20756663966497232,0.37793883081290836,0.6387614106960693,0.33640403532252505,0.4281228293984306
593,261,0.13483750109659032,6.216618246279512,need,163,0.493285589991901,0.21907685967314366,0.3784990563396121,0.627454687484762,0.34485203623813077,0.5164313993021806
661,391,0.13410245439389884,7.605986292818521,need,164,0.4997419839193895,0.21798352075887772,0.37636278339048945,0.6402332778158988,0.33533497887804087,0.3729695779182747
600,277,0.12222964424865673,7.15278660800758,need,165,0.4817842854814778,0.21877302321688874,0.38848663450570303,0.621430736998059,0.34900504484578443,0.41664907580351596
640,341,0.14292964815152032,7.950431730086241,need,166,0.5063768829302034,0.21240408874850578,0.36777095260571463,0.6364957872990051,0.3312624733637461,0.3139225485183496
620,342,0.1344426418266212,7.7698075556702895,need,167,0.49940431581428374,0.21179131044893834,0.3781690728891112,0.6413093014563042,0.338175923927412,0.4329996214311264
531,148,0.14862903242746278,6.044159341093143,need,168,0.4779990933678067,0.22457671650535996,0.3844937687907082,0.6123768963797788,0.34612910976895,0.546191337570414
629,351,0.12495850066264097,8.363521667228099,need,169,0.503503913604391,0.21416482738590856,0.370494437824525,0.6297536231327838,0.3340789075713287,0.38701882304212176
600,316,0.12992190909303192,8.242250614066792,need,170,0.5017238201214917,0.22254195593797735,0.37375042774757844,0.6427045777939339,0.33344165503555895,0.4382050148847945
615,266,0.13975384427630466,6.431206692395757,need,171,0.5005962664440664,0.21519700161845345,0.3679371890048099,0.6237809927765592,0.3365128898154288,0.39717534276254224
663,416,0.12564242025474587,7.844759437825571,need,172,0.49316484561952945,0.21239643916929724,0.3851224856078512,0.6375233742701396,0.3403355077592247,0.4021232653852934
630,284,0.1359125683337971,8.369789231436997,need,173,0.5011316239498221,0.21526504781083983,0.37364041932851294,0.6421174298062469,0.33482315943604124,0.35994724251707405
616,291,0.13177930738797033,7.101642040985147,need,174,0.49542932516998855,0.21872062016512336,0.38016302121062207,0.6336655026542048,0.3449421294557545,0.4314772565568532
602,230,0.13461140137405725,7.338164861119799,need,175,0.48573901346812076,0.22272223386188852,0.386495191862972,0.6306606797984767,0.3438077890756185,0.4547990201963361
651,325,0.1249441946015814,8.32244204081037,need,176,0.5021749592836849,0.2126418808526979,0.3695352905630236,0.6351258153019167,0.33183911548531164,0.370934593537665
640,322,0.13464033057140157,7.820402267480879,need,177,0.4977463847429299,0.22519943752311003,0.37349827642306704,0.6236820750276488,0.3395976248912837,0.39128445320835964
543,160,0.13885089749275603,6.635515857100596,need,178,0.4988131367776602,0.22279787486392796,0.3806095243723961,0.6390475781110955,0.3424293513937348,0.3914813572432509
582,218,0.1382865390129533,7.588476391802753,need,179,0.4900304413723057,0.2111659994606912,0.3851344491587736,0.6274030798062114,0.34805882009346994,0.4090073757938305
639,348,0.1374056210344622,7.47164850747501,need,180,0.5047175494083416,0.2078954897296903,0.3705874378744797,0.6388976062112879,0.331293418366531,0.29548866288239994
622,309,0.1366525061128061,7.299045450067221,need,181,0.49779389595172796,0.21139850976999794,0.37715105361079176,0.620101881830746,0.3452511016933427,0.45790756378687913
658,346,0.12138557737501882,8.354676016183753,need,182,0.5075202115803936,0.224936524326236,0.36862908378870984,0.642582855603631,0.3329233916712717,0.4229604230664596
548,230,0.13012450334532194,7.400619484620032,need,183,0.5014649412723768,0.211672622557807,0.3770138251420131,0.6223168224480842,0.34776413303151843,0.37418389753916204
669,391,0.11798826050164335,9.247266090487907,need,184,0.49252568839893357,0.22407590905483699,0.3794966996012193,0.6369910041415352,0.33727991069588137,0.37723247018222095
574,264,0.1367278640764522,8.569935225880817,need,185,0.49936322899642305,0.2185860927377625,0.37061996410894327,0.6213468545745544,0.3413388026337917,0.3996572658551447
572,225,0.13855474945285806,7.440071102900175,need,186,0.4982636990677088,0.20319330556190712,0.3825406689201359,0.641410362433715,0.340444935875782,0.34642236810059257
609,325,0.13344387985154038,7.559272827460865,need,187,0.49232311356758385,0.2241568244451415,0.3799175476257496,0.6161601358904043,0.3478532946230539,0.36378130561575683
615,295,0.13316262437996917,6.423134448234746,need,188,0.5049934049713218,0.20717881595576004,0.3673737978436493,0.6475000883830627,0.32924529649401907,0.4119423792706963
552,201,0.13411889157874934,7.042275118769089,need,189,0.48896960367694176,0.20940511218450664,0.38244139668127625,0.6166365086558159,0.34825260220549564,0.4517643732616798
536,188,0.145626215323236,6.109496951813505,need,190,0.48757299161273593,0.21945994077885536,0.379160285460737,0.626938081675245,0.3428925420671978,0.531720539455875
632,263,0.13548858167341526,6.990134042944452,need,191,0.5120731874760788,0.2141340037008897,0.36921598356221064,0.6406848561131234,0.33509222514372783,0.35973478813724513
595,239,0.13669010172184942,7.7409308395858245,need,192,0.4904473165563927,0.21526509726746193,0.377194633484434,0.6190852100884928,0.345361089898854,0.34552342341103065
653,351,0.11988726567220082,7.621040961869912,need,193,0.49608203779138454,0.22925147227857476,0.37833025839284806,0.6398761001905194,0.33548594363987777,0.38910770672113226
670,404,0.127252590173348,8.96948382764663,need,194,0.494653135398474,0.2188380912903478,0.3836920479704684,0.621968180858715,0.3520932689626379,0.3892801155209141
638,382,0.12297368141425224,8.531338792813349,need,195,0.49867081891092047,0.2059700841239825,0.3775257684666983,0.6419737469211185,0.3344933226063028,0.4228831384415563
643,360,0.12768157186322443,8.382640032387728,need,196,0.49749162313374395,0.21680900327608982,0.3705397939306155,0.6262790063231838,0.33446125250801767,0.3604975714320656
583,245,0.14328308966581388,6.99821644936014,need,197,0.5055716180654763,0.2226743600636055,0.36298300754534,0.6388607086694331,0.32784442819171483,0.4674929411356528
571,255,0.13730453702477025,7.853350836614206,need,198,0.504046891518972,0.2206580591989345,0.37090962837292324,0.6453898231682921,0.3340486463637385,0.4247870922960083
497,157,0.1536159295809888,6.104573415340275,need,199,0.49093533443973114,0.22880534621756943,0.373925486072726,0.6187246341075916,0.34510455241707394,0.432492463639789
632,335,0.08504164854427598,9.17010685768681,age_deprivation,0,0.48686242594485307,0.2223198895541095,0.38319651911832536,,,0.3978190082677047
688,414,0.06892971007335469,10.449610306275353,age_deprivation,1,0.5066207074837762,0.22600397708434236,0.3755456767843978,,,0.23005000240827125
711,450,0.07365696101011165,11.209684221915872,age_deprivation,2,0.5018137992603828,0.215599692677027,0.3773163801002136,,,0.3703409038746535
716,442,0.06584222988196003,9.79889945602829,age_deprivation,3,0.49374888525842436,0.21748411072888604,0.37885768168047407,,,0.3494598351670743
666,351,0.08941368944636552,9.115601112239464,age_deprivation,4,0.49294657414953574,0.22206209107550698,0.3815679032799708,,,0.437151387337198
752,472,0.07708643557631395,11.345126568605234,age_deprivation,5,0.48821109307810495,0.2126357010692221,0.38815249414251063,,,0.2720141971998066
799,511,0.07669107517311607,10.722103585673539,age_deprivation,6,0.4922220011389144,0.2058975017746612,0.3803830289748454,,,0.27445591638996
661,383,0.07785202802973046,10.23547711412268,age_deprivation,7,0.49354186439616277,0.21088092250640159,0.3818655507961114,,,0.28317733127418276
707,408,0.0832097385953427,11.25340679020153,age_deprivation,8,0.4798480442713323,0.21947166813524915,0.3933125266295573,,,0.3021612627209107
715,448,0.06717923201481435,10.073301902057226,age_deprivation,9,0.49172044526823205,0.2151299251937278,0.3729774178464388,,,0.3825436698644702
728,371,0.07946674936706288,10.26042820453673,age_deprivation,10,0.5033134992043448,0.2196108086232369,0.37378465676365225,,,0.3313832834950102
691,334,0.08079390919407409,9.604956887102787,age_deprivation,11,0.48381547799284386,0.2111218899984591,0.3860168302843444,,,0.2055220565445531
667,366,0.07762199643537371,11.005906825626587,age_deprivation,12,0.48959237429336405,0.21218262545702146,0.38391114289635025,,,0.27041037339232726
761,496,0.06748839602889195,11.606889439226888,age_deprivation,13,0.5103584840023397,0.21138858661147725,0.3671994650917574,,,0.21522623458443713
795,436,0.07772835703182501,10.560239902510885,age_deprivation,14,0.5129877249644065,0.20566803545710713,0.3740448041473332,,,0.3289411213707409
647,351,0.07227651992086687,8.782640733410139,age_deprivation,15,0.5008211233454112,0.21264172665829087,0.36981948329238357,,,0.4149555217379713
670,369,0.07174839149528395,9.615042180843389,age_deprivation,16,0.5111645471535465,0.21742827951641094,0.3715099342171753,,,0.27380259126854534
646,387,0.08049692036267425,9.676585245752582,age_deprivation,17,0.5123634451325982,0.22591048972898678,0.36526464397322,,,0.49495695627861513
644,326,0.09051813488454291,8.812635106222112,age_deprivation,18,0.49532040636103863,0.21956110250979272,0.3759531429398518,,,0.32187308346045657
733,453,0.07141366340379829,10.415578539934744,age_deprivation,19,0.5072082311177981,0.22598291065152834,0.37137922720035654,,,0.336027351296677
700,379,0.07750216162673629,9.850299358703387,age_deprivation,20,0.5098742039484467,0.2189428279698046,0.3700697148874062,,,0.3699029313696982
709,420,0.08190148347716314,10.961932206554765,age_deprivation,21,0.487407077965407,0.22420869521567247,0.37674651319621616,,,0.4395406387074634
714,453,0.07519714149579332,10.678897249719567,age_deprivation,22,0.4983291901950674,0.22436688632684282,0.38051841043010143,,,0.26652533676591067
697,417,0.0747441288448285,10.37600171127067,age_deprivation,23,0.4934451441545056,0.22131099587434974,0.37528876999459,,,0.47800645066919795
730,459,0.0710818129052358,10.06288089358817,age_deprivation,24,0.506138111723367,0.21495821429918632,0.37114135999092657,,,0.46859662201383606
686,415,0.07428839528404046,9.423820159380666,age_deprivation,25,0.4953254106286159,0.21498270203240075,0.3776368072447057,,,0.25832598202768325
681,409,0.08507391818728499,9.917106449799885,age_deprivation,26,0.4859334777533673,0.22257218825360173,0.3787058628161385,,,0.40253352932796743
672,311,0.07149140568004914,9.046776929533557,age_deprivation,27,0.49677847136886133,0.23012610569145178,0.3734163092895953,,,0.3840086265490347
541,182,0.08196080589928617,8.559604822196818,age_deprivation,28,0.4902124347136819,0.20332532294678332,0.3846165841396109,,,0.3654366109233255
732,492,0.0623879550425942,10.731311251688904,age_deprivation,29,0.5088667225959745,0.21728306672100617,0.3658816284595519,,,0.2546857569812078
715,481,0.065010857098948,10.887710496317169,age_deprivation,30,0.49441438360403805,0.21338227035809604,0.38597667697707483,,,0.3488121892008545
695,445,0.08954341484780443,10.852225391815074,age_deprivation,31,0.48825927363068694,0.21226760340220904,0.3827013625728086,,,0.28205180639008026
766,472,0.060238392970228205,10.81342883461287,age_deprivation,32,0.49913962454793637,0.21930895672310818,0.3703809581331358,,,0.3011457223032266
637,221,0.09877394197219941,7.502006877606614,age_deprivation,33,0.49118406471875425,0.20666941489939686,0.38426059771995535,,,0.5617177751990293
768,490,0.07097857183448453,11.100352406051545,age_deprivation,34,0.5075100005432617,0.22761298185994489,0.3705283890176685,,,0.18476745819189153
695,415,0.08339533812900496,10.129609258999027,age_deprivation,35,0.5049318677683174,0.22302019342526977,0.37122740912625235,,,0.29175731320459264
639,360,0.10249680531236166,9.891952270286549,age_deprivation,36,0.4969996652045443,0.2053911081488687,0.3847893987053555,,,0.5481192158048293
639,278,0.08577000990665978,9.24347150533081,age_deprivation,37,0.48935162010172883,0.22857656415007424,0.38061217097398853,,,0.340161196651448
758,477,0.06277835300377138,10.974227265798252,age_deprivation,38,0.5078517787409689,0.2258242935540337,0.37187417801151296,,,0.1757908497768137
723,450,0.06322650997567336,10.853341465728937,age_deprivation,39,0.4929107270443138,0.22030494664113043,0.3808868918133709,,,0.34607763163060556
719,454,0.06870467060653557,10.97878228328376,age_deprivation,40,0.5084425248556741,0.21140474009203403,0.3733122658628439,,,0.30627310906308725
739,443,0.06633964146880023,10.112053014457484,age_deprivation,41,0.4964797151690974,0.22416386713471997,0.37754649460181305,,,0.24927815987344656
710,430,0.09112653643030572,11.224230803405206,age_deprivation,42,0.4963825870085698,0.20887903131331373,0.38148152388911183,,,0.216509777709471
644,324,0.08795082508814045,8.794070042365943,age_deprivation,43,0.4805659330181728,0.23520474238750919,0.38385938592378566,,,0.32374762613036195
704,412,0.0809957650901299,10.829580746768764,age_deprivation,44,0.4863041086284049,0.21746876273150048,0.3869310320946771,,,0.26296856584126493
653,344,0.08928645541712171,9.876419227793534,age_deprivation,45,0.4997351685656189,0.2204012086580012,0.3706698992688751,,,0.3844135955778882
688,374,0.07949250924009382,10.083631647330918,age_deprivation,46,0.4874939991382744,0.21239015162896152,0.38700342403206467,,,0.35604216717887377
743,502,0.061175751878969786,11.14500287275375,age_deprivation,47,0.49627154062503365,0.20926803025552432,0.38303995958771764,,,0.3008074298002309
817,545,0.07968538489266408,11.009566902943613,age_deprivation,48,0.4992742644590038,0.21331792772162878,0.3697034160421715,,,0.383622777375409
661,351,0.09585905358172425,8.786733360118763,age_deprivation,49,0.4989709636442406,0.20314714860947913,0.3869538354875556,,,0.47347672370576405
803,480,0.08138682208391573,10.633721439001834,age_deprivation,50,0.5053017213155041,0.21080261156627822,0.3704694136982918,,,0.3275749506173175
683,356,0.07760504282987085,9.833352240193683,age_deprivation,51,0.5050473964851336,0.20760403617513687,0.3674510066481307,,,0.3881216849709552
758,405,0.07853848142695857,9.6552767512533,age_deprivation,52,0.4834349194048619,0.21675920498559278,0.3899656969663825,,,0.3866579578497098
539,173,0.08797688830298328,7.714305665392642,age_deprivation,53,0.48326678019108055,0.2200929942678166,0.3837088825998762,,,0.5480926569693808
698,429,0.07589327558507974,9.892062950215806,age_deprivation,54,0.503434024128789,0.21208888351373895,0.37327689321474533,,,0.3575888223400945
627,282,0.07505519482889567,8.160361962325316,age_deprivation,55,0.495457131014456,0.22563248191593321,0.37680401422477194,,,0.37071683874945105
752,497,0.07251628113925568,11.063423659791724,age_deprivation,56,0.5049124001932659,0.2143020265942173,0.3654111409095997,,,0.37029233480398865
560,189,0.09462602569858825,7.893147159369215,age_deprivation,57,0.4857572591766452,0.21152292248452023,0.39036337955573286,,,0.46142430902872267
717,442,0.07814792824587469,10.88880293387117,age_deprivation,58,0.5082280700894133,0.22103267365322898,0.36841274527882784,,,0.26326875908950437
662,325,0.07766267902560736,9.291793971814526,age_deprivation,59,0.5007506479435189,0.20937505696876835,0.3694409175128575,,,0.3544951783042632
665,391,0.07712070227463902,10.231576811230719,age_deprivation,60,0.5081986188258834,0.23132757181337243,0.36949421563113183,,,0.40289082075083
627,286,0.0875843269165561,7.520327283749372,age_deprivation,61,0.5022391696410333,0.23413009197302487,0.36870936864058607,,,0.4725920615117618
621,273,0.0854027714085202,8.709628003675197,age_deprivation,62,0.48857783018210366,0.22037848292708123,0.38250949850169097,,,0.4977077450535037
682,452,0.07933477201289596,10.419314518481185,age_deprivation,63,0.5004396328670352,0.2083469002138683,0.37857362260629546,,,0.37410230265103434
626,281,0.08689120423983315,9.177341279876025,age_deprivation,64,0.4951975585590334,0.21280926072554188,0.3742269163728608,,,0.3616231219763905
736,457,0.06679665514268252,10.41605596338874,age_deprivation,65,0.4948262138964586,0.23215695901310518,0.37199137811690003,,,0.37707201242138605
744,485,0.08607336032524443,11.572209147705847,age_deprivation,66,0.49859613101531103,0.2125528288178943,0.3818315301885387,,,0.33113805001984886
643,314,0.07813093006945032,8.345156104190616,age_deprivation,67,0.49417739206103095,0.22403526711373156,0.37204850736771855,,,0.35439825358780713
669,363,0.09055141308766762,9.610076692486095,age_deprivation,68,0.5018032768026556,0.22041049613028205,0.36849154518146965,,,0.3173868345871295
705,434,0.07058607232756597,10.814526645706245,age_deprivation,69,0.4816210249556295,0.2084516360085357,0.38833351001286914,,,0.29462270035811716
727,423,0.07536069504808485,10.528706994537014,age_deprivation,70,0.4841579003653492,0.2325249260555131,0.3816779316415248,,,0.33419187395413413
721,430,0.07352782473709829,10.406243115805045,age_deprivation,71,0.5006296183884127,0.22169350405891933,0.3811843127315346,,,0.3332748015507831
743,459,0.07344228491715155,11.12705442684392,age_deprivation,72,0.495503508946309,0.20972204735760497,0.36970108007821334,,,0.32821811262400963
737,487,0.0593710819083742,11.1120482988269,age_deprivation,73,0.5034568750421022,0.22145395333292323,0.3663191032826486,,,0.23020953963404076
659,368,0.09286780790006732,9.896970784220684,age_deprivation,74,0.5079554044604689,0.22604510903274685,0.3651509601811816,,,0.36191965109071567
629,335,0.08170030594147037,8.624971285015627,age_deprivation,75,0.48302606146479743,0.21904639954154997,0.3886096559817848,,,0.4746019510377771
646,347,0.08684903764877389,9.861922546725788,age_deprivation,76,0.4957808854926314,0.2169465676663542,0.3826595300161441,,,0.36153886674969477
723,477,0.06456244915104409,10.20339790936925,age_deprivation,77,0.5012053365559047,0.20483468324188836,0.3805921351701974,,,0.36065034144772806
696,390,0.0793114918622777,8.895540131042187,age_deprivation,78,0.5016312855520548,0.21537460328209915,0.37510219288237023,,,0.36003065527830574
745,478,0.06537544051484417,10.939254431471818,age_deprivation,79,0.5134184113363481,0.22187675962194378,0.3658853715013044,,,0.2629670740755359
715,483,0.08017009102599598,10.936582429401298,age_deprivation,80,0.4945504597037649,0.21823709020674734,0.3781783244901565,,,0.3879721152018869
655,333,0.08584934328409655,10.653540144912009,age_deprivation,81,0.49445619242463906,0.22323842702252897,0.379062187432243,,,0.24697628950359576
623,279,0.08180204232345928,8.213278991307199,age_deprivation,82,0.5069062678486319,0.21236734565273263,0.36764822420453713,,,0.43191847694955515
689,441,0.07068386194994031,10.353578878787195,age_deprivation,83,0.5082757094338819,0.2289834025713177,0.37398521138700186,,,0.28988136998146724
624,294,0.08463263688078088,8.690885328112353,age_deprivation,84,0.492652416506101,0.22184175120952238,0.3815886209494859,,,0.38487730953300625
735,415,0.07486378366252966,10.454877319348123,age_deprivation,85,0.4838277103254739,0.21118048344119156,0.38435957310720276,,,0.3263839296994609
669,340,0.08403956909765659,9.266563653004138,age_deprivation,86,0.500928616355285,0.22377251778912635,0.3693814087605229,,,0.34809589761568605
722,454,0.06629662615304532,11.361530036927507,age_deprivation,87,0.485459478810803,0.21904277017892798,0.3831881153532742,,,0.24043431926639233
599,262,0.08599978627022709,8.277792940934507,age_deprivation,88,0.5002439893128565,0.20796050871749217,0.36598353626846736,,,0.5628553871367002
642,317,0.07841497829850302,9.80457093504182,age_deprivation,89,0.48548397025557627,0.22848475746716257,0.37965006298911885,,,0.31842878144035774
734,472,0.08382551777276392,10.057741610050703,age_deprivation,90,0.49379987191710506,0.21735170056240002,0.38082740451909586,,,0.3080800156200324
746,469,0.06574656980199378,10.285088914981412,age_deprivation,91,0.49910981336850085,0.22640474962082713,0.37305874863883826,,,0.39348457898147354
794,404,0.09117595388471578,10.559644995254327,age_deprivation,92,0.479636273987199,0.2302274380858958,0.3822710149084527,,,0.4612048363580541
654,355,0.08649790010341735,10.344244362703636,age_deprivation,93,0.4828275656890477,0.2226696939246877,0.3847986939782333,,,0.3443280965273743
732,464,0.07466185482186788,10.788270382160405,age_deprivation,94,0.4949478318650904,0.22495843203512716,0.3713460706359446,,,0.5485705441279467
698,424,0.07307073899943195,9.496924995847559,age_deprivation,95,0.5021731556391328,0.20859138665543359,0.3725569571271431,,,0.4868356824656948
709,434,0.07394376085344218,10.572883070712555,age_deprivation,96,0.49974654955334125,0.22011355413937966,0.37632214088724447,,,0.21258269209908873
671,385,0.08967365141557543,10.228839883779537,age_deprivation,97,0.49842792833506777,0.22619336385535602,0.3713863671291334,,,0.3732422868306194
702,417,0.07613573561720771,10.720580255714328,age_deprivation,98,0.49925210126746683,0.21311390387864182,0.37901149108473936,,,0.2864380757143212
696,398,0.06947524589794019,10.295425192763362,age_deprivation,99,0.4922662105724953,0.20944572221698957,0.37589460077500636,,,0.24524838285514353
523,211,0.1710853620868651,6.220048321368971,morbidity_increment,0,0.4852775706528315,0.21218770701234627,0.3912854331501195,0.2382686198614861,-0.09310986873416835,0.6312917205853669
505,152,0.16095697878608856,5.8209643304195815,morbidity_increment,1,0.4852775706528315,0.21218770701234627,0.3912854331501195,0.24634769565120646,-0.10036296410303944,0.7433818790296822
576,185,0.17018431225617497,6.391215328992259,morbidity_increment,2,0.4852775706528315,0.21218770701234627,0.3912854331501195,0.23815498747190178,-0.10207523055297567,0.7090008796205187
488,156,0.16509132696581796,5.46458827292161,morbidity_increment,3,0.4852775706528315,0.21218770701234627,0.3912854331501195,0.24994174186722393,-0.09627596128216104,0.6391312253035323
524,222,0.16362175381914623,6.237901794651435,morbidity_increment,4,0.4852775706528315,0.21218770701234627,0.3912854331501195,0.24728042680381174,-0.09746098790794998,0.6746262588449021
525,131,0.16283316905664402,5.509670166041739,morbidity_increment,5,0.4852775706528315,0.21218770701234627,0.3912854331501195,0.24582099027938242,-0.09401708515194909,0.655101106481699
527,227,0.17038751735544272,6.746464646603906,morbidity_increment,6,0.4852775706528315,0.21218770701234627,0.3912854331501195,0.23915618019059018,-0.09964941763706392,0.6489781768824999
643,212,0.18138383178222794,6.365331376179912,morbidity_increment,7,0.4852775706528315,0.21218770701234627,0.3912854331501195,0.2412258291883167,-0.10098681721666858,0.7090682063541965
483,144,0.1700270490606614,5.142653061670587,morbidity_increment,8,0.4852775706528315,0.21218770701234627,0.3912854331501195,0.2446207118911291,-0.0988713560493381,0.7064861694118282
523,186,0.16472476735063946,5.905133527731201,morbidity_increment,9,0.4852775706528315,0.21218770701234627,0.3912854331501195,0.251270886655609,-0.0948717276646565,0.6594960697409857
505,182,0.17792802338066543,6.206988479825317,morbidity_increment,10,0.4852775706528315,0.21218770701234627,0.3912854331501195,0.23912917970587005,-0.09038261645755963,0.6783667018303604
452,129,0.16548191079874291,4.518936031032741,morbidity_increment,11,0.4852775706528315,0.21218770701234627,0.3912854331501195,0.25348164273501594,-0.09392945232426032,0.6982555676900997
530,200,0.16780975429678296,6.839118139097604,morbidity_increment,12,0.4852775706528315,0.21218770701234627,0.3912854331501195,0.2490481413895321,-0.09850530023647179,0.6733798660392901
584,218,0.1606786021054899,6.074418142876366,morbidity_increment,13,0.4852775706528315,0.21218770701234627,0.3912854331501195,0.24590786778260937,-0.09582637061368533,0.680570162173239
526,180,0.16888875126242742,5.241621497764065,morbidity_increment,14,0.4852775706528315,0.21218770701234627,0.3912854331501195,0.23752479113343103,-0.0960787475564785,0.6929365719161206
532,212,0.16100863244776142,6.235290621513088,morbidity_increment,15,0.4852775706528315,0.21218770701234627,0.3912854331501195,0.23296579613563648,-0.0968399836070901,0.6621782661159907
514,158,0.1600441553318705,5.834496328147233,morbidity_increment,16,0.4852775706528315,0.21218770701234627,0.3912854331501195,0.24005893766718364,-0.09017525350692605,0.6754307479188393
546,215,0.1618290023547213,6.83532035750504,morbidity_increment,17,0.4852775706528315,0.21218770701234627,0.3912854331501195,0.24075254122001533,-0.1038624845389847,0.6975070159044223
551,244,0.1554392351833374,6.3376312742505645,morbidity_increment,18,0.4852775706528315,0.21218770701234627,0.3912854331501195,0.24232312165417294,-0.0989723141031213,0.6731901920337198
521,186,0.16019147252054,6.537393984815524,morbidity_increment,19,0.4852775706528315,0.21218770701234627,0.3912854331501195,0.2427033512247673,-0.09547459535545665,0.7401179913184562
497,160,0.16006413579677686,5.167269475496004,morbidity_increment,20,0.4852775706528315,0.21218770701234627,0.3912854331501195,0.24729709089709453,-0.09457892092020614,0.7567838205416685
556,250,0.16214501136879245,7.038891549813245,morbidity_increment,21,0.4852775706528315,0.21218770701234627,0.3912854331501195,0.25118748420705655,-0.09276964445360314,0.6685526727516761
548,244,0.16117024954469467,7.030215789201778,morbidity_increment,22,0.4852775706528315,0.21218770701234627,0.3912854331501195,0.23766106913861448,-0.09486177208851346,0.6915697265209314
531,169,0.1692911986208953,5.650340447131589,morbidity_increment,23,0.4852775706528315,0.21218770701234627,0.3912854331501195,0.23715288354857064,-0.09535602013410402,0.7156573182778251
488,153,0.1659794015286189,5.248965970996364,morbidity_increment,24,0.4852775706528315,0.21218770701234627,0.3912854331501195,0.23197842156257528,-0.0950832871976659,0.7677449082791492
518,217,0.19012734584960217,5.7952451352207675,morbidity_increment,25,0.4852775706528315,0.21218770701234627,0.3912854331501195,0.23451122506290834,-0.09400472896702941,0.6380763391007562
511,187,0.15959999903046862,5.663456337171464,morbidity_increment,26,0.4852775706528315,0.21218770701234627,0.3912854331501195,0.24016193176645634,-0.09481655050026816,0.6576876528673308
490,152,0.17491194568959473,5.209342949148005,morbidity_increment,27,0.4852775706528315,0.21218770701234627,0.3912854331501195,0.24052841307880482,-0.10249832866386456,0.7192293978190064
462,123,0.16620361782147175,4.621156376532737,morbidity_increment,28,0.4852775706528315,0.21218770701234627,0.3912854331501195,0.24628261049971806,-0.09910443793737,0.7428817753636887
526,214,0.15974455688140066,5.493101377956673,morbidity_increment,29,0.4852775706528315,0.21218770701234627,0.3912854331501195,0.23768375186536186,-0.0959020735095245,0.6678904354442446
534,229,0.1585469213369829,6.438106834763544,morbidity_increment,30,0.4852775706528315,0.21218770701234627,0.3912854331501195,0.2407684717719453,-0.09555085212116463,0.6934948851989149
498,170,0.16589606721823402,5.206488070380369,morbidity_increment,31,0.4852775706528315,0.21218770701234627,0.3912854331501195,0.24017724811118824,-0.08785897551660948,0.6857063440714983
519,214,0.15605375516124753,6.788930254138969,morbidity_increment,32,0.4852775706528315,0.21218770701234627,0.3912854331501195,0.23852896289158645,-0.09818407350474671,0.6800895769523038
472,162,0.1624790711235281,6.0068362421971155,morbidity_increment,33,0.4852775706528315,0.21218770701234627,0.3912854331501195,0.24670345166774021,-0.09465321847266601,0.7027807575428805
524,228,0.16505809290810836,5.807764616563132,morbidity_increment,34,0.4852775706528315,0.21218770701234627,0.3912854331501195,0.2349229844142862,-0.1012816049409951,0.6535276117163985
516,169,0.1688062593508387,5.555450305351705,morbidity_increment,35,0.4852775706528315,0.21218770701234627,0.3912854331501195,0.24718787069359713,-0.10371516256607201,0.6966424762898097
550,232,0.1590552852842222,6.880655266256692,morbidity_increment,36,0.4852775706528315,0.21218770701234627,0.3912854331501195,0.24256502420270296,-0.10175155395812141,0.6507417997538693
513,152,0.1626598654695834,4.919958874380533,morbidity_increment,37,0.4852775706528315,0.21218770701234627,0.3912854331501195,0.24782263643230795,-0.0878187828140179,0.6660656034135293
517,219,0.16211563925583766,6.2401875581667605,morbidity_increment,38,0.4852775706528315,0.21218770701234627,0.3912854331501195,0.2441574640944918,-0.09590238844516592,0.7747183035788983
515,215,0.19434661633503625,6.1207931493552215,morbidity_increment,39,0.4852775706528315,0.21218770701234627,0.3912854331501195,0.24110937814272318,-0.10159453430643628,0.7222985889176782
521,200,0.16312488939345843,5.367675265973838,morbidity_increment,40,0.4852775706528315,0.21218770701234627,0.3912854331501195,0.24756890606695295,-0.09189135553758682,0.6976996340496558
508,174,0.1662688835125266,5.398291080074811,morbidity_increment,41,0.4852775706528315,0.21218770701234627,0.3912854331501195,0.2369945310253932,-0.09925935263990396,0.6818526931733533
521,212,0.161614168505126,6.67793627154051,morbidity_increment,42,0.4852775706528315,0.21218770701234627,0.3912854331501195,0.2385478677986404,-0.09644807237806499,0.7301460119117809
503,178,0.15882382163696251,5.398871645404946,morbidity_increment,43,0.4852775706528315,0.21218770701234627,0.3912854331501195,0.24548824056511104,-0.09432115910451924,0.7179191830437192
530,223,0.1671398724358209,6.177723083180148,morbidity_increment,44,0.4852775706528315,0.21218770701234627,0.3912854331501195,0.23311782567103198,-0.09692183867874206,0.6512067054445086
539,241,0.16117586318715948,6.4783629646165695,morbidity_increment,45,0.4852775706528315,0.21218770701234627,0.3912854331501195,0.24607109956104037,-0.09881031106589541,0.6648951883926518
523,204,0.16491879221793782,6.4583925342265704,morbidity_increment,46,0.4852775706528315,0.21218770701234627,0.3912854331501195,0.24133011583930547,-0.09139436413430681,0.7035265865492062
519,222,0.15632964499369784,6.281738089818239,morbidity_increment,47,0.4852775706528315,0.21218770701234627,0.3912854331501195,0.24774014301944883,-0.09689168935155343,0.6977735328915771
476,135,0.16166126442386725,4.9885016032185066,morbidity_increment,48,0.4852775706528315,0.21218770701234627,0.3912854331501195,0.2369576497464786,-0.0903505339691885,0.6847649108938695
421,100,0.1718847972519969,4.985704200675114,morbidity_increment,49,0.4852775706528315,0.21218770701234627,0.3912854331501195,0.23502750401425607,-0.09871765683326417,0.707423921933977
509,186,0.1844098437950098,6.007607228359379,morbidity_increment,50,0.4852775706528315,0.21218770701234627,0.3912854331501195,0.23932793383241177,-0.0967418929129933,0.685995252160142
469,96,0.16577362422426933,4.401127340524466,morbidity_increment,51,0.4852775706528315,0.21218770701234627,0.3912854331501195,0.23954778317654496,-0.09611586696192788,0.6513561373998344
460,107,0.17374655196712213,4.354843135915712,morbidity_increment,52,0.4852775706528315,0.21218770701234627,0.3912854331501195,0.24561043900457225,-0.0973389383127438,0.730692805576781
481,152,0.16861457589384493,4.699478808780769,morbidity_increment,53,0.4852775706528315,0.21218770701234627,0.3912854331501195,0.2430047031180567,-0.10363970542449552,0.7970585046242108
526,204,0.16289875285499406,6.004351769301054,morbidity_increment,54,0.4852775706528315,0.21218770701234627,0.3912854331501195,0.23581297487900083,-0.10314444145127154,0.6662228208338667
530,201,0.1617003763164232,5.316598190442788,morbidity_increment,55,0.4852775706528315,0.21218770701234627,0.3912854331501195,0.23726533869830205,-0.09258726626685122,0.7083895916019947
634,160,0.1595080369840513,5.272002764385723,morbidity_increment,56,0.4852775706528315,0.21218770701234627,0.3912854331501195,0.23934894016956268,-0.0925866944739964,0.6764252530921893
511,187,0.15845916641532587,5.645080894813292,morbidity_increment,57,0.4852775706528315,0.21218770701234627,0.3912854331501195,0.24434563194365388,-0.09763930853862382,0.6928127213823846
533,217,0.1871541463410189,6.015378960545067,morbidity_increment,58,0.4852775706528315,0.21218770701234627,0.3912854331501195,0.24315838932897155,-0.09966526046428446,0.6504445924860633
525,221,0.1915207176049985,5.383197990374543,morbidity_increment,59,0.4852775706528315,0.21218770701234627,0.3912854331501195,0.23449314209817476,-0.0965936576630978,0.6621889445589946
478,104,0.16313041711978377,4.604979178119898,morbidity_increment,60,0.4852775706528315,0.21218770701234627,0.3912854331501195,0.22918640326008136,-0.09067961959179217,0.6915897678889257
542,230,0.15973241158514756,6.609015702738841,morbidity_increment,61,0.4852775706528315,0.21218770701234627,0.3912854331501195,0.24841156275775103,-0.10164781201841876,0.7633384813497914
546,217,0.16204396347442174,6.470605445263187,morbidity_increment,62,0.4852775706528315,0.21218770701234627,0.3912854331501195,0.24229286711341605,-0.10036921116166779,0.6557751467113802
509,187,0.1656126264902446,5.769828040946581,morbidity_increment,63,0.4852775706528315,0.21218770701234627,0.3912854331501195,0.24466015295531657,-0.0932822890647539,0.6682350705721734
531,102,0.16804556923250835,4.94723966211186,morbidity_increment,64,0.4852775706528315,0.21218770701234627,0.3912854331501195,0.2404629863924317,-0.0924385611973569,0.6848370434681448
415,84,0.17262552962641325,4.503898372712477,morbidity_increment,65,0.4852775706528315,0.21218770701234627,0.3912854331501195,0.23763195659451045,-0.09649746770616294,0.7537327345789148
528,194,0.16279542082216975,5.362626620710352,morbidity_increment,66,0.4852775706528315,0.21218770701234627,0.3912854331501195,0.23756616115233545,-0.09838875839206404,0.6747196758476475
497,171,0.16333519165234073,4.989159634226373,morbidity_increment,67,0.4852775706528315,0.21218770701234627,0.3912854331501195,0.2416893271167298,-0.09768526681081861,0.6708639467793502
504,187,0.16046781197646737,6.25597488595133,morbidity_increment,68,0.4852775706528315,0.21218770701234627,0.3912854331501195,0.2368840990772,-0.09709501391225234,0.6820699758816863
534,192,0.16264286362152414,6.549755851382511,morbidity_increment,69,0.4852775706528315,0.21218770701234627,0.3912854331501195,0.24154062771820375,-0.09706285685164269,0.7132525425013991
509,188,0.16794344108777376,6.2281961958085015,morbidity_increment,70,0.4852775706528315,0.21218770701234627,0.3912854331501195,0.23595020775695869,-0.10216049727497471,0.680994072184407
543,229,0.17844771740529863,6.656200925825018,morbidity_increment,71,0.4852775706528315,0.21218770701234627,0.3912854331501195,0.24657673441779904,-0.09963498088740347,0.7189179528014684
573,188,0.1645569519362301,6.659763217152463,morbidity_increment,72,0.4852775706528315,0.21218770701234627,0.3912854331501195,0.2446821271675504,-0.10226040842474511,0.6575880993260458
473,100,0.16332420244421847,4.809453760508424,morbidity_increment,73,0.4852775706528315,0.21218770701234627,0.3912854331501195,0.24712830475345107,-0.0972726279626618,0.7492309818998155
532,230,0.16398276489928337,5.944113936063751,morbidity_increment,74,0.4852775706528315,0.21218770701234627,0.3912854331501195,0.2441974665548539,-0.09296807959081622,0.676382474401109
487,163,0.1688488654713527,4.984275515426914,morbidity_increment,75,0.4852775706528315,0.21218770701234627,0.3912854331501195,0.23402665272514575,-0.10344407828412486,0.7373708830694433
483,131,0.17262553540308762,6.046927303401956,morbidity_increment,76,0.4852775706528315,0.21218770701234627,0.3912854331501195,0.24515539843496192,-0.0918657669288415,0.6699614204299212
508,200,0.15789281956820583,5.558672886253908,morbidity_increment,77,0.4852775706528315,0.21218770701234627,0.3912854331501195,0.2444311076355242,-0.09512677780457313,0.6808159443437508
626,203,0.15834981166743772,5.860001312123116,morbidity_increment,78,0.4852775706528315,0.21218770701234627,0.3912854331501195,0.23599136552836783,-0.09456104698063578,0.6716705435145042
467,140,0.16479646934966996,4.957041547646454,morbidity_increment,79,0.4852775706528315,0.21218770701234627,0.3912854331501195,0.25623318515375165,-0.0890661722268478,0.7743455522241315
467,121,0.16885769457679894,5.717656531898561,morbidity_increment,80,0.4852775706528315,0.21218770701234627,0.3912854331501195,0.25147111409635314,-0.10350260813545896,0.677935587865699
503,174,0.16412191408224902,6.429817811462446,morbidity_increment,81,0.4852775706528315,0.21218770701234627,0.3912854331501195,0.24587878129489008,-0.09293269900240854,0.697807014364811
478,136,0.16136465762108798,4.278533173644809,morbidity_increment,82,0.4852775706528315,0.21218770701234627,0.3912854331501195,0.24081325903800335,-0.0957065158751632,0.7706852668944227
501,153,0.17007151937148274,5.726889372045489,morbidity_increment,83,0.4852775706528315,0.21218770701234627,0.3912854331501195,0.25272974639593043,-0.09657266191435024,0.6253693382930178
532,209,0.1653821637539542,6.138284276960773,morbidity_increment,84,0.4852775706528315,0.21218770701234627,0.3912854331501195,0.23354645383899864,-0.09777831021263904,0.7446814891552618
534,202,0.16284700711610706,6.297760775517896,morbidity_increment,85,0.4852775706528315,0.21218770701234627,0.3912854331501195,0.2433669419111198,-0.09236248119605805,0.675119766017157
506,178,0.18628584579801816,5.898674988451817,morbidity_increment,86,0.4852775706528315,0.21218770701234627,0.3912854331501195,0.23539464761097298,-0.09428858224923914,0.6403144930875455
522,228,0.1689378293098574,6.643868818480129,morbidity_increment,87,0.4852775706528315,0.21218770701234627,0.3912854331501195,0.24910165487440084,-0.0988010742820253,0.6597116288227334
478,134,0.16385188043773463,4.581422810934291,morbidity_increment,88,0.4852775706528315,0.21218770701234627,0.3912854331501195,0.24973725027161287,-0.09371608424485367,0.7096777617958688
533,200,0.1658350317336843,6.019137710721163,morbidity_increment,89,0.4852775706528315,0.21218770701234627,0.3912854331501195,0.2477482704385207,-0.09620398304251122,0.6430868300171071
488,165,0.16430241549059577,5.130248886673688,morbidity_increment,90,0.4852775706528315,0.21218770701234627,0.3912854331501195,0.24613700222695564,-0.09859939965754198,0.7842305157237008
511,173,0.15788579953477783,6.341975862944589,morbidity_increment,91,0.4852775706528315,0.21218770701234627,0.3912854331501195,0.23260606958724753,-0.09521659926360199,0.6968425730491316
551,226,0.17197799844427752,6.293602160792549,morbidity_increment,92,0.4852775706528315,0.21218770701234627,0.3912854331501195,0.23067687398925754,-0.09394698639094809,0.6417326697673651
515,201,0.1812186096462225,5.765164837775577,morbidity_increment,93,0.4852775706528315,0.21218770701234627,0.3912854331501195,0.24213245350972354,-0.09830896154106887,0.6455877180453398
646,182,0.16229144760599162,5.394378283047728,morbidity_increment,94,0.4852775706528315,0.21218770701234627,0.3912854331501195,0.24320254068965866,-0.097563712530526,0.71910560428688
465,103,0.18578481992575424,5.401946978263449,morbidity_increment,95,0.4852775706528315,0.21218770701234627,0.3912854331501195,0.24072712583157208,-0.09916314028997296,0.7327152482319284
520,209,0.16366133390875692,5.5676110620497905,morbidity_increment,96,0.4852775706528315,0.21218770701234627,0.3912854331501195,0.24027616889979803,-0.09790020611248479,0.6681456937238403
509,186,0.16380978696667248,6.494514308512947,morbidity_increment,97,0.4852775706528315,0.21218770701234627,0.3912854331501195,0.23797076633910946,-0.10000472103211797,0.6965495818695973
535,183,0.1609392236880094,5.853504285113056,morbidity_increment,98,0.4852775706528315,0.21218770701234627,0.3912854331501195,0.2515995513405489,-0.0919251479531761,0.6674259946186295
486,153,0.17302629247084633,5.742538878667323,morbidity_increment,99,0.4852775706528315,0.21218770701234627,0.3912854331501195,0.2464944893194961,-0.09667243709530494,0.7057070111877661
