section,n_items,items_dispensed,I_raw,p_raw,q_raw,I_adj,p_adj,q_adj
Oral nutrition,338,31400767.0,0.12403478100013027,0.01906,0.024650933333333337,0.030261571935013238,0.0875,0.16014150943396224
Antibacterial drugs,77,180112222.0,0.379980932757658,0.00018,0.0005819999999999999,0.057944087107128076,0.092,0.16525925925925924
Drugs used in diabetes,61,339391186.0,0.43578027397631297,8e-05,0.0003104,-0.14276287152881736,0.8242,0.8327854166666667
Analgesics,56,301401259.0,0.7076318144712157,1e-05,7.461538461538462e-05,-0.16655804431486715,0.8771,0.8771
Antiviral drugs,54,6517858.0,0.5879742936825608,1e-05,7.461538461538462e-05,0.32494479094658596,4e-05,0.0012933333333333334
Hypertension and heart failure,54,390044517.0,0.15137123426562055,0.04075,0.05133441558441559,0.06425174235169549,0.084,0.15976470588235295
Drugs used in rheumatic diseases and gout,52,108833702.0,0.3857239238796627,7e-05,0.0003086363636363636,0.1474063522915049,0.01397,0.05872541666666667
Enteral nutrition,50,1059240.0,-0.04191081379551465,0.7623,0.7623,-0.022519934865696072,0.2333,0.3180791666666667
Cytotoxic drugs,45,841100.0,0.3661265793629224,0.00036,0.0009699999999999999,0.10933727671952491,0.03368,0.1015560606060606
Drugs used in psychoses and related disorders,37,67802885.0,0.23229268974953957,0.00774,0.011550461538461539,0.08663587483420325,0.056,0.13438048780487807
Drugs for genito-urinary disorders,33,113225228.0,0.19251573865410554,0.01847,0.024210675675675676,0.019155032007428317,0.1842,0.29290819672131146
Antiepileptic drugs,33,160276499.0,0.2504571636838739,0.00534,0.008633,0.2304522264880909,0.00133,0.012901000000000001
Antidepressant drugs,32,445116238.0,0.3998981361577973,5e-05,0.0002425,0.021233575686451334,0.1702,0.27982033898305086
Vitamins,31,168976426.0,0.19811124843448955,0.01688,0.02246945205479452,-0.009351909246397765,0.2691,0.3350230769230769
Anaemias and some other blood disorders,31,115812380.0,-0.020538830008300243,0.4592,0.4789505376344086,-0.002115625726970048,0.2361,0.3180791666666667
Vaccines and antisera,29,61584476.0,0.46830064599022814,3e-05,0.0001711764705882353,0.18381627387264482,0.00571,0.030770555555555554
Preparations for eczema and psoriasis,28,9191676.0,0.38948698096426027,0.00015,0.0005196428571428571,-0.0649994901264632,0.4916,0.5418772727272727
Drugs used in parkinsonism and related disorders,28,26943330.0,0.3347926253701172,0.00039,0.0010210526315789475,0.17036586159035205,0.00778,0.037733
Laxatives,28,97472803.0,0.10340777853440412,0.0955,0.11296951219512195,-0.04123028780626735,0.3952,0.47326419753086424
Minerals,28,11558282.0,0.5045952322672783,1e-05,7.461538461538462e-05,0.24289609645937985,0.00094,0.0113975
"Nitrates, calcium-channel blockers & other antianginal drugs",27,289788024.0,0.3593208145982213,0.00027,0.0007936363636363637,0.2530424760080111,0.00068,0.010993333333333334
Hypnotics and anxiolytics,27,68525037.0,0.23898391189343873,0.00688,0.010763870967741935,0.0728494678809151,0.0698,0.15077173913043476
Sex Hormones,27,81381914.0,0.4705106623272962,1e-05,7.461538461538462e-05,0.24798512113832738,0.00085,0.0113975
Lipid-regulating drugs,25,454434554.0,0.19651821948085518,0.01691,0.02246945205479452,0.07384345002117385,0.0715,0.15077173913043476
"Antihistamines, hyposensitisation and allergic emergencies",25,76856030.0,0.3731334769608761,0.00025,0.0007578125,0.13548962437216897,0.01793,0.06671444444444445
Drugs affecting the immune response,25,5128933.0,0.4161314820165113,8e-05,0.0003104,0.10407728410195605,0.0385,0.10373611111111111
Anti-infective skin preparations,25,9740578.0,0.48943524035564834,1e-05,7.461538461538462e-05,0.24064030708237905,0.00107,0.011532222222222221
Treatment of glaucoma,24,48985514.0,0.2072502736727479,0.01346,0.018389014084507042,-0.04954219461951046,0.428,0.4956238095238096
Diuretics,24,150684426.0,0.10882654475505278,0.0865,0.10358641975308641,-0.011131497294395163,0.2694,0.3350230769230769
Sex hormones and hormone antagonists in malignant disease,23,16311431.0,0.3319254361028454,0.00062,0.0014319047619047618,0.10678713738051553,0.03631,0.10351285714285716
Bronchodilators,23,144563710.0,0.5305970294216763,1e-05,7.461538461538462e-05,0.10392840564750222,0.03735,0.10351285714285716
Drugs acting on the oropharynx,23,5990258.0,0.2990132216589265,0.00272,0.005384489795918368,0.27863525330127337,0.00033,0.00679
Corticosteroids and other anti-inflammatory preparations,22,9056141.0,0.38381039444655746,0.0004,0.0010210526315789475,0.06525586869574741,0.0794,0.15403599999999998
Drugs used in nausea and vertigo,22,31463579.0,0.2294537336576968,0.00849,0.012291492537313433,-0.045733734995707154,0.4026,0.4762463414634146
Miscellaneous ophthalmic preparations,21,11940547.0,0.08854132169000545,0.1278,0.14584235294117645,0.0008515874501329138,0.2318,0.3180791666666667
Drugs for soft-tissue disorders and topical pain relief,19,39950212.0,0.4283685458562708,3e-05,0.0001711764705882353,0.0888544130553485,0.0502,0.12485641025641026
Contraceptives,18,36013255.0,0.31651040418812976,0.00094,0.0020722727272727273,0.0718958632727195,0.0697,0.15077173913043476
Anticoagulants and protamine,17,106302022.0,0.339456778745758,0.00056,0.0013485365853658537,0.00773813556486699,0.2104,0.30897352941176465
Beta-adrenoceptor blocking drugs,16,214624532.0,0.24751179926608,0.00447,0.007811052631578948,0.21139234407591964,0.00284,0.02231
Antiprotozoal drugs,16,11448425.0,0.17569091012196478,0.02632,0.03359263157894737,0.11046852317814972,0.03151,0.10006645161290323
Metabolic disorders,16,18304.0,0.013631419803757547,0.3265,0.3558483146067416,-0.061403629154947056,0.4716,0.5258068965517242
Drugs acting on the nose,16,38268247.0,0.4885625339330596,1e-05,7.461538461538462e-05,0.13555936102164795,0.01419,0.05872541666666667
Acne and rosacea,15,8241074.0,0.5541151201587022,1e-05,7.461538461538462e-05,0.0704766876935721,0.0667,0.15077173913043476
Emollient and barrier preparations,15,30028290.0,0.23273364597562493,0.00718,0.011054920634920634,0.11439722781637153,0.03001,0.10006645161290323
Antisecretory drugs and mucosal protectants,15,386893045.0,0.37136873799159476,0.00017,0.0005686206896551724,0.1866530324659387,0.00485,0.027673529411764708
Topical corticosteroids,14,56202603.0,0.24750891931751343,0.00478,0.007940847457627118,0.062512537849025,0.0875,0.16014150943396224
"Skin cleansers,antiseptics and desloughing agents",14,163120.0,0.40783544455842663,0.0001,0.00035925925925925925,0.151212264575747,0.01222,0.05644476190476191
Drugs affecting bone metabolism,14,31112563.0,0.2846563077751791,0.0018,0.0037956521739130437,-0.13949758091809017,0.8033,0.8202115789473685
Dyspepsia and gastro-oesophageal reflux disease,14,21703621.0,0.4462125225382505,4e-05,0.00021555555555555556,0.10897233013279227,0.03198,0.10006645161290323
"Hypothalamic and pituitary hormones and anti, oestrogens",14,1796161.0,0.0446130012089289,0.2365,0.2606875,0.05328797043897407,0.1017,0.1761589285714286
Corticosteroids (endocrine),13,38659639.0,0.2572030722521505,0.00419,0.007526481481481482,0.0025105493762394675,0.2297,0.3180791666666667
Drugs used in substance dependence,12,18209387.0,0.008314800655969656,0.3457,0.36849340659340657,-0.04943763043431725,0.4292,0.4956238095238096
Drugs acting on the ear,12,11973932.0,0.5768119615301144,1e-05,7.461538461538462e-05,0.20154374440230008,0.00314,0.02231
Antispasmodics and other drugs altering gut motility,12,23850048.0,0.7284832149775623,1e-05,7.461538461538462e-05,0.010534326815574148,0.2018,0.305853125
Corticosteroids (respiratory),12,124572124.0,0.3534436804966725,0.00028,0.0007988235294117646,0.033730265325522,0.1409,0.23564310344827585
Cough preparations,11,352482.0,0.19280382772285265,0.00974,0.013893823529411766,0.1718419911084459,0.00478,0.027673529411764708
Anti-infective eye preparations,11,5209618.0,0.3714486270874802,0.00021,0.0006570967741935484,-0.0035587090054604903,0.2528,0.3269546666666667
Drugs used in neuromuscular disorders,11,8598439.0,0.05031050163099774,0.2038,0.22986744186046512,-0.05750369280784456,0.455,0.519235294117647
Other endocrine drugs,11,558401.0,0.5017423904291793,5e-05,0.0002425,-0.05988962020281728,0.4708,0.5258068965517242
Fluids and electrolytes,11,5475090.0,0.4993614052849262,2e-05,0.00013857142857142857,0.3293982569495756,4e-05,0.0012933333333333334
Local anaesthesia,10,6586058.0,0.4299343792742489,3e-05,0.0001711764705882353,0.1089658818248287,0.03455,0.1015560606060606
Antifungal drugs,10,9663725.0,0.23242139042022353,0.00797,0.011713484848484848,0.08776160376034002,0.0568,0.13438048780487807
Mucolytics,9,18655291.0,0.24568104420880746,0.00547,0.008698196721311476,0.13410876424903254,0.01857,0.06671444444444445
General anaesthesia,9,1819616.0,0.3947007911953212,8e-05,0.0003104,0.013954007038314363,0.1911,0.2983904761904762
CNS stimulants and drugs used for ADHD,9,14512307.0,0.31890920947359885,0.00067,0.0015113953488372093,0.07063136808776595,0.0713,0.15077173913043476
Chronic bowel disorders,9,12487644.0,0.0933819935247911,0.1188,0.1371857142857143,0.006377481648244974,0.2166,0.30897352941176465
Treatment of vaginal and vulval conditions,9,13476076.0,0.14907916364547813,0.04603,0.05651784810126582,0.07022974530380759,0.0739,0.15251702127659572
Preparations for warts and calluses,9,620541.0,0.2863969057145501,0.00308,0.005975199999999999,0.1427402667014525,0.01514,0.0587432
Shampoos and other preparations for scalp and hair conditions,8,6707073.0,0.26333646818380463,0.00459,0.007811052631578948,0.0993012735158745,0.04176,0.10947891891891892
Anti-arrhythmic drugs,8,4627261.0,0.25824846129155316,0.00414,0.007526481481481482,0.009289526234184055,0.2113,0.30897352941176465
Drugs affecting intestinal secretions,8,5408008.0,0.09509127855943884,0.1115,0.13030722891566265,0.01468776964575299,0.1938,0.2983904761904762
Antiplatelet drugs,7,163151652.0,0.30678522876633635,0.00123,0.0026513333333333332,0.09647032346768003,0.0443,0.11308157894736841
Thyroid and antithyroid drugs,7,174013063.0,0.26349460729180507,0.00236,0.0048706382978723406,0.14191967020385884,0.01453,0.05872541666666667
Acute diarrhoea,7,8375379.0,0.6843200191402452,1e-05,7.461538461538462e-05,0.16463243918762457,0.00681,0.03476684210526316
Sunscreens and camouflagers,7,1529767.0,0.49299068228146786,1e-05,7.461538461538462e-05,0.19662562516710988,0.00371,0.023991333333333333
Immunoglobulins,6,280.0,0.013399128638291326,0.2259,0.2518655172413793,-0.07430630556808784,0.5438,0.5860955555555555
Mydriatics and cycloplegics,6,431554.0,0.3812922016595403,9e-05,0.00033576923076923074,0.2809516600472487,0.00035,0.00679
Topical local anaesthetics and antipruritics,6,1498526.0,0.22202876577349934,0.0077,0.011550461538461539,0.19967856489545013,0.00322,0.02231
Management of skin conditions,6,207176.0,0.22215576727544853,0.0111,0.015604347826086957,-0.008964703337995176,0.2514,0.3269546666666667
Selective preparations,6,2966767.0,0.2805913717453547,0.0033,0.006276470588235294,0.12315482590405373,0.025,0.08660714285714287
Drugs used in obstetrics,5,64.0,-0.05604388351708305,0.7294,0.7369979166666667,-0.022340106557511334,0.273,0.3352025316455696
Intravenous nutrition,4,36.0,-0.02572891996562424,0.5152,0.5316425531914893,0.03450649252673972,0.0991,0.17477636363636365
Anthelmintics,4,387278.0,0.3479685350515479,0.00053,0.0013182051282051282,0.22249497143225633,0.00185,0.016313636363636363
Drugs for dementia,4,22369616.0,0.358160291294215,0.00034,0.0009422857142857144,0.04845720630095868,0.1111,0.18906491228070174
Local preparations for anal and rectal disorders,4,1347491.0,0.25863036323380306,0.00483,0.007940847457627118,0.06576865520894054,0.0792,0.15403599999999998
Acids,4,22898.0,0.13001105736785656,0.0586,0.07105249999999999,-0.02998577627812682,0.321,0.3892125
Health supplements,4,158782.0,-0.011131761185553582,0.3371,0.3633188888888889,-0.006921662062419938,0.1816,0.29290819672131146
Positive inotropic drugs,3,12938291.0,0.38995085414762853,7e-05,0.0003086363636363636,0.32513939550796456,3e-05,0.0012933333333333334
Sympathomimetics and other vasoconstrictor drugs,3,1140776.0,0.1489578487546204,0.0441,0.0548423076923077,0.007125797492212954,0.2136,0.30897352941176465
"Cromoglycate, leukotriene and phosphodesterase type-4 inhib",3,22460452.0,0.2617223584721411,0.0035,0.006528846153846154,-0.0038844525360085848,0.2447,0.32514931506849315
Local anaesthetics,3,2111.0,-0.004322205822360376,0.3722,0.3924282608695652,-0.07557865460857835,0.541,0.5860955555555555
Antiperspirants,2,226719.0,0.21342895901368156,0.01309,0.018139,-0.09367995054411153,0.626,0.6600217391304348
Aromatic inhalations,2,68.0,-0.07926981804419975,0.7219,0.7369979166666667,-0.10390755368324266,0.6778,0.699431914893617
Miscellaneous topical preparations,2,8863.0,0.34166264819920134,0.00057,0.0013485365853658537,-0.008147741893807394,0.2601,0.3319697368421053
Antifibrinolytic drugs and haemostatics,2,2870414.0,0.4655750199599854,1e-05,7.461538461538462e-05,0.06848450058137812,0.0776,0.15403599999999998
Drugs used in the treatment of obesity,2,2196623.0,0.25209377207309724,0.00451,0.007811052631578948,-0.08762159202530526,0.605,0.6448901098901099
Waters,2,56082.0,0.10903438577976866,0.00271,0.005384489795918368,-0.09033810079838538,0.6617,0.6901602150537635
