Drug,moran_I_raw,q_raw,clustered_raw,R2_primary,I_primary,p_primary,q_primary,nominal_primary,clustered_primary,I_primary_knn4,p_primary_knn4,R2_age_deprivation,I_age_deprivation,p_age_deprivation,q_age_deprivation,nominal_age_deprivation,clustered_age_deprivation,R2_pca6,I_pca6,p_pca6,q_pca6,nominal_pca6,clustered_pca6,vol,sec
RtS 1.4 kcal/ml energy and higher protein liquid (0913141),0.6772017086599905,0.0003176470588235,True,0.2696138878067359,0.5478861498122493,1e-05,0.0054,True,True,0.5044600863159833,0.0001,0.2498433543730691,0.5799595812186638,1e-05,0.0018,True,True,0.2689604953819374,0.4597469774407481,1e-05,0.0018,True,True,33713,Oral nutrition
RtS 1.4-1.5kcal/ml energy & higher protein liquid (0913141),0.6373903757524211,0.0003176470588235,True,0.3297276353918061,0.5227881128209063,1e-05,0.0054,True,True,0.5012463182082596,0.0001,0.290154640526973,0.5584817231194652,1e-05,0.0018,True,True,0.2770304003927688,0.4390877763712232,1e-05,0.0018,True,True,40602,Oral nutrition
Insulin glargine,0.4532754287090496,0.0004595744680851,True,0.1933321650813265,0.4158252359896425,1e-05,0.0054,True,True,0.4267126001071876,0.0001,0.050226507593632,0.4375829944113869,1e-05,0.0018,True,True,0.1778389390467892,0.3674417770477631,1e-05,0.0018,True,True,9045376,Drugs used in diabetes
Sodium chloride,0.4824924247577481,0.0003176470588235,True,0.0670027282422071,0.3881668479382021,2e-05,0.0054,True,True,0.1957353598832874,0.0025,0.006368947720188,0.4865429464788028,1e-05,0.0018,True,True,0.0837099386999138,0.4551653618412655,1e-05,0.0018,True,True,1738895,Drugs acting on the nose
Biphasic insulin aspart,0.513975088729299,0.0003176470588235,True,0.4563795534274174,0.3874380250046044,1e-05,0.0054,True,True,0.4032663202424499,0.0001,0.4070154339176436,0.3656503833392214,3e-05,0.0024923076923076,True,True,0.4511020910492556,0.2558187689138424,0.00065,0.0163862068965517,True,True,3458105,Drugs used in diabetes
Deflazacort,0.4135623270638291,0.0010536585365853,True,0.0719709446278082,0.3583975034270983,3e-05,0.0072,True,True,0.3321762982209991,0.0001,0.0366274514944835,0.3836662228807828,2e-05,0.0020571428571428,True,True,0.1313115219952768,0.3049888493303668,0.00016,0.00768,True,True,25465,Corticosteroids (endocrine)
RtS 1.3 kcal/g dessert style (fruit based) (0913051),0.4713061393215552,0.0017052631578947,True,0.2121090436326387,0.3573107804924428,2e-05,0.0054,True,True,0.338668088335579,0.0002,0.2062313857685405,0.3650289463455506,7e-05,0.003876923076923,True,True,0.3082946714687216,0.2314331434519388,0.00169,0.0278656488549618,True,True,4178,Oral nutrition
Miconazole nitrate,0.4743487294239871,0.0004595744680851,True,0.5405230974902102,0.3367164733780877,4e-05,0.0072,True,True,0.3069517459180753,0.0002,0.3806245930351333,0.4550897035186272,1e-05,0.0018,True,True,0.4451683527131735,0.4484025463309949,1e-05,0.0018,True,True,2214004,Anti-infective skin preparations
Tafluprost,0.4906136318348789,0.0003176470588235,True,0.2187413962400288,0.3363033639545017,5e-05,0.0083076923076923,True,True,0.1561420837369738,0.0089,0.1996377180691178,0.4156307812829711,1e-05,0.0018,True,True,0.2541869603981885,0.3336305837564817,7e-05,0.00576,True,True,350422,Treatment of glaucoma
Ivermectin,0.5537880712078961,0.0003176470588235,True,0.3619003235776713,0.3312957931941089,4e-05,0.0072,True,True,0.241146070364989,0.0002,0.2173877236991304,0.4258465024670539,1e-05,0.0018,True,True,0.5768576795169992,0.3260634355419239,7e-05,0.00576,True,True,671125,Acne and rosacea
Irbesartan,0.5204096007093579,0.0003176470588235,True,0.3098536068877194,0.3308381085103641,7e-05,0.0107999999999999,True,True,0.304417810228762,0.0001,0.2929903338192515,0.349258931854791,8e-05,0.0039272727272727,True,True,0.2912898607347914,0.3224075699264754,0.00013,0.0071999999999999,True,True,8119623,Hypertension and heart failure
Ready to serve 1.5 kcal/ml milkshake (0913011),0.4271807467426363,0.0003176470588235,True,0.2650569924822608,0.3263948787751522,4e-05,0.0072,True,True,0.2894293178180026,0.0001,0.1667724052329489,0.4223877504742723,1e-05,0.0018,True,True,0.217658946416147,0.4665271854398933,1e-05,0.0018,True,True,2888634,Oral nutrition
Digoxin,0.3899524165476442,0.0012342857142857,True,0.4742275517516475,0.3251402954847703,2e-05,0.0054,True,True,0.3111389364567021,0.0001,0.4720171979543335,0.3310383705935402,0.00012,0.0049846153846153,True,True,0.5536020589172488,0.2165822662614609,0.00225,0.0332081632653061,True,True,12938288,Positive inotropic drugs
Estradiol valerate,0.4081273366114734,0.0012342857142857,True,0.4493469361508709,0.3167693345691143,9e-05,0.011435294117647,True,True,0.0548551438033241,0.0747,0.4161980618770443,0.322722816324441,0.00017,0.00612,True,True,0.4701716446380155,0.3196327019661975,5e-05,0.0054,True,True,549149,Sex Hormones
Prazosin hydrochloride,0.4280376573955499,0.0009473684210526,True,0.1564041940723063,0.3125138106337987,9e-05,0.011435294117647,True,True,0.1206931901941759,0.0173,0.1191189309410635,0.3348568918710025,0.00015,0.0057857142857142,True,True,0.2678303516835965,0.1886434712944696,0.00508,0.056204081632653,True,False,164166,Hypertension and heart failure
Meptazinol hydrochloride,0.5147055036457013,0.0020945454545454,True,0.2718183057655211,0.3115511105992639,0.00026,0.0165176470588235,True,True,0.2382803254253451,0.0007,0.0265831998225867,0.5124053071360297,2e-05,0.0020571428571428,True,True,0.1150004121453693,0.4876085907514028,1e-05,0.0018,True,True,255135,Analgesics
Sirolimus,0.4900223793018038,0.0008470588235294,True,0.2549550618980937,0.3114762657677082,0.00013,0.01404,True,True,0.2161941736445529,0.002,0.0408978846651955,0.5003787756322853,1e-05,0.0018,True,True,0.1428608595865352,0.4923003079239034,1e-05,0.0018,True,True,22919,Drugs affecting the immune response
Other phosphate supplement preparations,0.3314509936133979,0.0074303999999999,True,0.0270426163772001,0.308799919645227,0.00014,0.0140869565217391,True,True,0.1902295976807404,0.0032,0.0083508177726173,0.3230404209844398,0.00025,0.0073894736842105,True,True,0.1141168519402753,0.2256334153828848,0.00137,0.0255103448275862,True,True,118924,Minerals
Powder disc or non ACBS thickener - gum based (0913411),0.3289455373030872,0.0163136842105263,True,0.1884373405707454,0.3045700200689886,0.00034,0.0188307692307692,True,True,0.1209225433402669,0.0194,0.1415419317101137,0.2441207268138311,0.00342,0.0358601941747572,True,True,0.1239944785673803,0.218530111511304,0.00371,0.0460551724137931,True,True,432,Oral nutrition
Alirocumab,0.575972756838571,0.0003176470588235,True,0.2164811212606541,0.3036423041047811,2e-05,0.0054,True,True,0.1812536169052284,0.0012,0.1638462828242369,0.3889385178972135,1e-05,0.0018,True,True,0.1755686727984806,0.3384843596190468,3e-05,0.0038117647058823,True,True,4582,Lipid-regulating drugs
Dronabinol/cannabidiol,0.2928304445972156,0.0150364640883977,True,0.1378618650334381,0.3003556138613956,0.00015,0.0140869565217391,True,True,0.1777763990146575,0.0036,0.1170176884236269,0.2433863766243025,0.00231,0.0275668508287292,True,True,0.2728700688320926,0.1526950579017182,0.01262,0.0994861313868613,True,False,21992,Drugs used in neuromuscular disorders
Tirbanibulin,0.4559753223547773,0.0010536585365853,True,0.2358170152389942,0.2997915332147786,0.00013,0.01404,True,True,0.2541118619814898,0.0007,0.2213226825209692,0.3434434910612989,0.0001,0.004595744680851,True,True,0.2993700450229234,0.2272591541209077,0.00156,0.0268724409448818,True,True,34742,Sunscreens and camouflagers
Cyclopentolate hydrochloride,0.3174049053396453,0.0051287671232876,True,0.48480120097468,0.2993274597886974,9e-05,0.011435294117647,True,True,0.3605529745588436,0.0001,0.3955185824614954,0.2433082190152873,0.00139,0.0208499999999999,True,True,0.3364995344997997,0.1357132062154133,0.0134,0.1044909747292418,True,False,129387,Mydriatics and cycloplegics
Apomorphine hydrochloride,0.5289743874047415,0.0003176470588235,True,0.3728229150473598,0.2988378654643905,0.00015,0.0140869565217391,True,True,0.2890373921937293,0.0001,0.2209648991634165,0.3148312729349204,0.00031,0.0085846153846153,True,True,0.3929456284059013,0.3192898560199905,8e-05,0.00576,True,True,42294,Drugs used in parkinsonism and related disorders
Aciclovir,0.5618425568165344,0.0003176470588235,True,0.5567171425361812,0.2985796283788445,0.00016,0.0144,True,True,0.1947718492518779,0.0028,0.4851561968894932,0.350993494591454,8e-05,0.0039272727272727,True,True,0.7840653162001612,0.1835819365649996,0.00569,0.0602470588235294,True,False,6030145,Antiviral drugs
