section,n_items,items_dispensed,I_raw,p_raw,q_raw,I_adj,p_adj,q_adj,clu
Fluids and electrolytes,11,5475090.0,0.4993614052849262,2e-05,0.0001385714285714,0.3293982569495756,4e-05,0.0012933333333333,True
Positive inotropic drugs,3,12938291.0,0.3899508541476285,7e-05,0.0003086363636363,0.3251393955079645,3e-05,0.0012933333333333,True
Antiviral drugs,54,6517858.0,0.5879742936825608,1e-05,7.461538461538462e-05,0.3249447909465859,4e-05,0.0012933333333333,True
Mydriatics and cycloplegics,6,431554.0,0.3812922016595403,9e-05,0.0003357692307692,0.2809516600472487,0.00035,0.00679,True
Drugs acting on the oropharynx,23,5990258.0,0.2990132216589265,0.00272,0.0053844897959183,0.2786352533012733,0.00033,0.00679,True
"Nitrates, calcium-channel blockers & other antianginal drugs",27,289788024.0,0.3593208145982213,0.00027,0.0007936363636363,0.2530424760080111,0.00068,0.0109933333333333,True
Sex Hormones,27,81381914.0,0.4705106623272962,1e-05,7.461538461538462e-05,0.2479851211383273,0.00085,0.0113975,True
Minerals,28,11558282.0,0.5045952322672783,1e-05,7.461538461538462e-05,0.2428960964593798,0.00094,0.0113975,True
Anti-infective skin preparations,25,9740578.0,0.4894352403556483,1e-05,7.461538461538462e-05,0.240640307082379,0.00107,0.0115322222222222,True
Antiepileptic drugs,33,160276499.0,0.2504571636838739,0.00534,0.008633,0.2304522264880909,0.00133,0.012901,True
Anthelmintics,4,387278.0,0.3479685350515479,0.00053,0.0013182051282051,0.2224949714322563,0.00185,0.0163136363636363,True
Beta-adrenoceptor blocking drugs,16,214624532.0,0.24751179926608,0.00447,0.0078110526315789,0.2113923440759196,0.00284,0.02231,True
Drugs acting on the ear,12,11973932.0,0.5768119615301144,1e-05,7.461538461538462e-05,0.2015437444023,0.00314,0.02231,True
Topical local anaesthetics and antipruritics,6,1498526.0,0.2220287657734993,0.0077,0.0115504615384615,0.1996785648954501,0.00322,0.02231,True
Sunscreens and camouflagers,7,1529767.0,0.4929906822814678,1e-05,7.461538461538462e-05,0.1966256251671098,0.00371,0.0239913333333333,True
Antisecretory drugs and mucosal protectants,15,386893045.0,0.3713687379915947,0.00017,0.0005686206896551,0.1866530324659387,0.00485,0.0276735294117647,True
Vaccines and antisera,29,61584476.0,0.4683006459902281,3e-05,0.0001711764705882,0.1838162738726448,0.00571,0.0307705555555555,True
Cough preparations,11,352482.0,0.1928038277228526,0.00974,0.0138938235294117,0.1718419911084459,0.00478,0.0276735294117647,True
Drugs used in parkinsonism and related disorders,28,26943330.0,0.3347926253701172,0.00039,0.0010210526315789,0.170365861590352,0.00778,0.037733,True
Acute diarrhoea,7,8375379.0,0.6843200191402452,1e-05,7.461538461538462e-05,0.1646324391876245,0.00681,0.0347668421052631,True
