Period,STP_CODE,Total_Items,Total_Cost,Unique_Chemicals
2021-Q1,QE1,9458014,76381466.66,1103
2021-Q1,QF7,9049707,67624577.06,1107
2021-Q1,QGH,3716196,51956757.53,1026
2021-Q1,QH8,5146216,46809105.89,1094
2021-Q1,QHG,3631513,31651782.75,1063
2021-Q1,QHL,4853307,47523471.15,1088
2021-Q1,QHM,19633767,137842754.07,1166
2021-Q1,QJ2,4651112,38610670.55,1039
2021-Q1,QJG,5498337,43146865.11,1076
2021-Q1,QJK,6080716,50125125.88,1086
2021-Q1,QJM,5136036,36256700.44,1055
2021-Q1,QK1,5218006,42049517.9,1069
2021-Q1,QKK,5763785,51311973.86,1108
2021-Q1,QKS,8114186,84563388.78,1149
2021-Q1,QM7,6523316,52677627.56,1124
2021-Q1,QMF,7713555,61009115.03,1126
2021-Q1,QMJ,4931471,43072421.37,1112
2021-Q1,QMM,5832936,43794455.82,1063
2021-Q1,QNC,6418592,58666307.61,1091
2021-Q1,QNQ,2589984,24220892.96,1027
2021-Q1,QNX,7757474,77582968.24000001,1128
2021-Q1,QOC,2233549,21163357.31,1010
2021-Q1,QOP,15576714,143199159.81,1165
2021-Q1,QOQ,9386224,73217268.94999999,1116
2021-Q1,QOX,4121670,32260132.48,1042
2021-Q1,QPM,3778141,27490736.0,1026
2021-Q1,QR1,3066035,27980837.04,1012
2021-Q1,QRL,7434421,72483533.69,1123
2021-Q1,QRV,10122976,82213798.61,1161
2021-Q1,QSL,2615913,22714813.85,1003
2021-Q1,QT1,4988821,49361977.81,1032
2021-Q1,QT6,3162210,24233210.009999998,1018
2021-Q1,QU9,6510612,62034259.129999995,1096
2021-Q1,QUA,6728692,61680996.510000005,1108
2021-Q1,QUE,4784486,71933288.33,1063
2021-Q1,QUY,3953861,33973031.6,1039
2021-Q1,QVV,3765627,34152059.54,1032
2021-Q1,QWE,5467304,43497611.47,1097
2021-Q1,QWO,15493919,132122371.5,1181
2021-Q1,QWU,4556673,36601532.65,1059
2021-Q1,QXU,3283090,33862435.05,1055
2021-Q1,QYG,14152853,122083330.86,1145
2021-Q2,QE1,9670988,78127641.26,1102
2021-Q2,QF7,9205513,68479642.05,1106
2021-Q2,QGH,3798315,53867715.08,1043
2021-Q2,QH8,5253763,47942363.84,1079
2021-Q2,QHG,3681409,31989369.57,1053
2021-Q2,QHL,4986475,48529636.730000004,1082
2021-Q2,QHM,19884108,138508502.59,1166
2021-Q2,QJ2,4721813,39199833.45,1034
2021-Q2,QJG,5580469,43621121.29,1081
2021-Q2,QJK,6175196,50762318.97,1092
2021-Q2,QJM,5269305,37170190.61,1043
2021-Q2,QK1,5344134,42957088.85,1057
2021-Q2,QKK,5836018,52215518.54,1106
2021-Q2,QKS,8180701,84698747.93,1139
2021-Q2,QM7,6588392,53265326.86,1121
2021-Q2,QMF,7821114,61804918.5,1118
2021-Q2,QMJ,5058689,44074816.13,1106
2021-Q2,QMM,5925878,44471128.3,1064
2021-Q2,QNC,6484281,58580817.5,1089
2021-Q2,QNQ,2651832,24727501.96,1032
2021-Q2,QNX,7841981,78206161.99,1136
2021-Q2,QOC,2293020,21799657.810000002,1005
2021-Q2,QOP,15907276,146146444.76999998,1172
2021-Q2,QOQ,9609102,74901811.47,1121
2021-Q2,QOX,4160833,32512302.5,1027
2021-Q2,QPM,3851170,27964906.630000003,1027
2021-Q2,QR1,3134142,28277308.32,1016
2021-Q2,QRL,7527631,72896225.03,1127
2021-Q2,QRV,10484204,85073885.91,1159
2021-Q2,QSL,2662467,23260297.83,1003
2021-Q2,QT1,5078353,50087781.64,1030
2021-Q2,QT6,3251422,24867621.65,1020
2021-Q2,QU9,6590988,63408672.07,1091
2021-Q2,QUA,6817773,62418140.93,1101
2021-Q2,QUE,4976904,78937353.27,1055
2021-Q2,QUY,4015898,34623850.69,1022
2021-Q2,QVV,3825961,34677753.04,1028
2021-Q2,QWE,5537220,44121418.75,1086
2021-Q2,QWO,15727004,132676695.7,1172
2021-Q2,QWU,4680620,37407740.23,1062
2021-Q2,QXU,3333193,34294414.19,1055
2021-Q2,QYG,14402842,124135447.1,1148
2021-Q3,QE1,9884457,77878193.84,1104
2021-Q3,QF7,9350380,67740368.65,1101
2021-Q3,QGH,3902207,54267689.67,1033
2021-Q3,QH8,5375444,48558763.42,1085
2021-Q3,QHG,3766161,31857631.23,1045
2021-Q3,QHL,5059408,48190877.32,1081
2021-Q3,QHM,20322421,138885283.24,1162
2021-Q3,QJ2,4843270,39133190.03,1039
2021-Q3,QJG,5748836,44073796.260000005,1075
2021-Q3,QJK,6275865,50686089.29,1090
2021-Q3,QJM,5387175,37185697.65,1043
2021-Q3,QK1,5499419,43083344.82,1050
2021-Q3,QKK,5873191,51468385.42,1111
2021-Q3,QKS,8420796,86413201.12,1143
2021-Q3,QM7,6733720,53435291.04,1116
2021-Q3,QMF,7955712,61431461.19,1122
2021-Q3,QMJ,5084060,43417515.1,1105
2021-Q3,QMM,6089084,44402383.61,1059
2021-Q3,QNC,6640071,58514370.47,1088
2021-Q3,QNQ,2696015,24532431.51,1036
2021-Q3,QNX,8039548,78449166.92,1129
2021-Q3,QOC,2342708,21609107.53,1004
2021-Q3,QOP,16195128,144949268.31,1165
2021-Q3,QOQ,9765375,74313884.86,1117
2021-Q3,QOX,4278765,32707298.509999998,1039
2021-Q3,QPM,3903734,27684293.14,1031
2021-Q3,QR1,3190659,28533295.77,1014
2021-Q3,QRL,7701624,73284343.09,1132
2021-Q3,QRV,10796260,85366186.67,1164
2021-Q3,QSL,2700430,23157346.63,1001
2021-Q3,QT1,5192993,51353566.69,1048
2021-Q3,QT6,3305065,24599935.869999997,1026
2021-Q3,QU9,6721344,63490374.9,1111
2021-Q3,QUA,6980304,62486950.16,1101
2021-Q3,QUE,5029677,78537541.7,1052
2021-Q3,QUY,4056699,34014436.03,1037
2021-Q3,QVV,3900025,34807475.010000005,1026
2021-Q3,QWE,5657121,44059410.31,1100
2021-Q3,QWO,16096810,131623416.75999999,1179
2021-Q3,QWU,4751023,37119490.18,1060
2021-Q3,QXU,3367316,33830886.74,1055
2021-Q3,QYG,14710642,124367781.84,1141
2021-Q4,QE1,10291970,80648424.47,1107
2021-Q4,QF7,9743402,70421673.74,1107
2021-Q4,QGH,4111344,56089294.870000005,1031
2021-Q4,QH8,5542833,49889235.94,1090
2021-Q4,QHG,3990764,33538121.35,1059
2021-Q4,QHL,5278416,49580265.71,1092
2021-Q4,QHM,20877856,141449863.55,1150
2021-Q4,QJ2,5066104,40852801.88,1033
2021-Q4,QJG,5890721,44905302.32,1072
2021-Q4,QJK,6559267,53117137.68,1074
2021-Q4,QJM,5566759,38441145.39,1047
2021-Q4,QK1,5703916,44715550.56,1056
2021-Q4,QKK,6121926,53078670.03,1113
2021-Q4,QKS,8828027,88749750.46,1140
2021-Q4,QM7,6970580,55232356.79,1118
2021-Q4,QMF,8265238,63430880.03,1126
2021-Q4,QMJ,5281955,44940914.79,1105
2021-Q4,QMM,6357802,46469787.75,1058
2021-Q4,QNC,6834705,59250496.9,1079
2021-Q4,QNQ,2855204,25877620.689999998,1030
2021-Q4,QNX,8431282,81438594.96,1136
2021-Q4,QOC,2440810,21943644.46,1012
2021-Q4,QOP,16726048,149095944.88,1173
2021-Q4,QOQ,10136150,76877608.92,1120
2021-Q4,QOX,4473519,34620234.93,1034
2021-Q4,QPM,4092536,29244102.619999997,1032
2021-Q4,QR1,3360222,29906303.97,1020
2021-Q4,QRL,8006674,75349347.55,1120
2021-Q4,QRV,11191077,87870556.64,1162
2021-Q4,QSL,2841844,24386441.27,1004
2021-Q4,QT1,5441816,54195329.900000006,1043
2021-Q4,QT6,3432788,25609888.46,1020
2021-Q4,QU9,7005416,66048590.53,1094
2021-Q4,QUA,7236179,64212408.66,1104
2021-Q4,QUE,5247865,82200286.4,1054
2021-Q4,QUY,4283421,35695205.72,1027
2021-Q4,QVV,4093958,36511857.99,1023
2021-Q4,QWE,5868257,45393331.33,1099
2021-Q4,QWO,16759963,134702838.67000002,1179
2021-Q4,QWU,4974127,38823344.21,1059
2021-Q4,QXU,3619545,35930290.83,1056
2021-Q4,QYG,15278034,129390435.48,1135
2022-Q1,QE1,9840807,75571195.36,1117
2022-Q1,QF7,9201987,64803730.36,1106
2022-Q1,QGH,3878111,53778693.71,1041
2022-Q1,QH8,5331100,47445443.87,1090
2022-Q1,QHG,3801987,31290560.580000002,1049
2022-Q1,QHL,5121099,47634497.82,1095
2022-Q1,QHM,20044304,132457151.47999999,1159
2022-Q1,QJ2,4797523,37620648.9,1039
2022-Q1,QJG,5670212,42374070.84,1073
2022-Q1,QJK,6145576,48679963.17,1081
2022-Q1,QJM,5281461,35293424.04,1048
2022-Q1,QK1,5467424,42059792.95,1067
2022-Q1,QKK,5957477,50844538.56,1104
2022-Q1,QKS,8328975,82988987.62,1141
2022-Q1,QM7,6681966,52147067.98,1123
2022-Q1,QMF,8083333,61311042.230000004,1128
2022-Q1,QMJ,5186692,43412882.69,1109
2022-Q1,QMM,5980813,42443503.519999996,1064
2022-Q1,QNC,6521067,56130332.69,1079
2022-Q1,QNQ,2721547,24403966.97,1038
2022-Q1,QNX,7949432,76035524.72,1131
2022-Q1,QOC,2326245,20527819.06,1002
2022-Q1,QOP,16073360,140284882.48,1174
2022-Q1,QOQ,9682803,71805361.75,1135
2022-Q1,QOX,4199849,31535911.86,1031
2022-Q1,QPM,3873344,27076444.61,1030
2022-Q1,QR1,3155201,27195515.53,1009
2022-Q1,QRL,7644862,70920160.95,1126
2022-Q1,QRV,11285634,86590668.45,1164
2022-Q1,QSL,2646215,22296847.55,1002
2022-Q1,QT1,5184518,51966856.92,1040
2022-Q1,QT6,3250800,23624913.54,1010
2022-Q1,QU9,6688766,62335778.019999996,1094
2022-Q1,QUA,7000861,61219587.11,1114
2022-Q1,QUE,5070669,79037955.94999999,1058
2022-Q1,QUY,4069578,33540303.66,1022
2022-Q1,QVV,3826721,33395411.89,1034
2022-Q1,QWE,5761903,43747798.21,1096
2022-Q1,QWO,16289882,128106577.7,1175
2022-Q1,QWU,4726345,36248874.05,1053
2022-Q1,QXU,3394462,33099250.99,1057
2022-Q1,QYG,14632001,122866431.91,1153
2022-Q2,QE1,10014204,77797417.5,1105
2022-Q2,QF7,8868061,63266308.18,1095
2022-Q2,QGH,3884084,54318672.91,1039
2022-Q2,QH8,5419976,49021751.67,1086
2022-Q2,QHG,3882738,32318124.130000003,1036
2022-Q2,QHL,5694109,52688683.51,1101
2022-Q2,QHM,20325008,134907211.53,1169
2022-Q2,QJ2,4965425,39473874.08,1035
2022-Q2,QJG,5777795,43635559.75,1061
2022-Q2,QJK,6249687,49842192.85,1083
2022-Q2,QJM,5386437,36371859.28,1038
2022-Q2,QK1,5581356,43502861.26,1050
2022-Q2,QKK,6051141,52089501.45,1111
2022-Q2,QKS,8443318,85444574.25999999,1143
2022-Q2,QM7,6772870,53174032.92,1128
2022-Q2,QMF,8206129,62705127.98,1123
2022-Q2,QMJ,5270438,44543151.489999995,1110
2022-Q2,QMM,6085535,43716308.85,1054
2022-Q2,QNC,6565331,56534915.0,1076
2022-Q2,QNQ,2748182,24923715.96,1017
2022-Q2,QNX,8085917,78563771.52,1128
2022-Q2,QOC,2341591,20797934.009999998,1010
2022-Q2,QOP,16263229,143413772.23000002,1165
2022-Q2,QOQ,9834049,73354850.17,1135
2022-Q2,QOX,4259304,32141503.15,1020
2022-Q2,QPM,3990943,28060258.21,1028
2022-Q2,QR1,3247446,28275883.75,1001
2022-Q2,QRL,7764292,72643193.33,1119
2022-Q2,QRV,11465474,89258872.69,1166
2022-Q2,QSL,2675974,22970535.16,996
2022-Q2,QT1,5795561,57193178.35,1054
2022-Q2,QT6,3301252,24195929.91,1003
2022-Q2,QU9,6753709,63997529.86,1096
2022-Q2,QUA,6482387,57361390.239999995,1094
2022-Q2,QUE,5056232,80904860.98,1057
2022-Q2,QUY,3978720,33258031.189999998,1019
2022-Q2,QVV,3844216,33850138.58,1027
2022-Q2,QWE,5821529,44513440.42,1092
2022-Q2,QWO,16638131,131119251.16,1175
2022-Q2,QWU,4790967,37060351.66,1041
2022-Q2,QXU,3445391,34077995.72,1055
2022-Q2,QYG,14899039,127002679.71,1146
2022-Q3,QE1,10203410,83010508.34,1101
2022-Q3,QF7,8684102,64215600.17,1093
2022-Q3,QGH,3951292,57261149.379999995,1027
2022-Q3,QH8,5472292,51978192.870000005,1082
2022-Q3,QHG,3900681,33998287.34,1036
2022-Q3,QHL,6039088,58138096.84,1100
2022-Q3,QHM,20531887,143675032.74,1160
2022-Q3,QJ2,5110294,42568327.04,1032
2022-Q3,QJG,5832014,45862228.94,1058
2022-Q3,QJK,6311127,52607496.650000006,1091
2022-Q3,QJM,5443986,38446618.6,1038
2022-Q3,QK1,5690296,46320879.57,1045
2022-Q3,QKK,6073638,54652063.239999995,1096
2022-Q3,QKS,8416565,89023663.53,1135
2022-Q3,QM7,6834755,56054693.26,1107
2022-Q3,QMF,8320985,66768059.489999995,1124
2022-Q3,QMJ,5249824,46845562.32,1113
2022-Q3,QMM,6144698,45963083.86,1039
2022-Q3,QNC,6685079,59538093.599999994,1089
2022-Q3,QNQ,2769155,26190903.56,1020
2022-Q3,QNX,8134249,82123490.13,1118
2022-Q3,QOC,2399504,22154755.46,997
2022-Q3,QOP,16372695,149634806.04000002,1162
2022-Q3,QOQ,9995850,77805013.71,1118
2022-Q3,QOX,4317719,34272074.2,1033
2022-Q3,QPM,4063468,30207772.189999998,1027
2022-Q3,QR1,3230635,29475874.92,1000
2022-Q3,QRL,7850172,76424558.0,1114
2022-Q3,QRV,11615759,93940775.69,1155
2022-Q3,QSL,2707890,24243253.98,977
2022-Q3,QT1,6130628,62808780.03,1044
2022-Q3,QT6,3375920,25886367.1,999
2022-Q3,QU9,6799131,67096806.64,1085
2022-Q3,QUA,6342394,58929084.22,1097
2022-Q3,QUE,5119341,84558759.25,1062
2022-Q3,QUY,3997416,35146618.47,1009
2022-Q3,QVV,3918321,35941258.81,1026
2022-Q3,QWE,5860400,47197058.49,1095
2022-Q3,QWO,17037474,139005423.35000002,1185
2022-Q3,QWU,4835309,39118410.19,1050
2022-Q3,QXU,3433752,35273341.72,1044
2022-Q3,QYG,15032704,133464271.77000001,1148
2022-Q4,QE1,10589463,89458812.99000001,1105
2022-Q4,QF7,9062562,69449192.23,1099
2022-Q4,QGH,4239889,62597990.12,1025
2022-Q4,QH8,5683675,55734340.489999995,1076
2022-Q4,QHG,4119453,37249246.18,1031
2022-Q4,QHL,6247101,61727300.53,1089
2022-Q4,QHM,21291148,155175980.51,1158
2022-Q4,QJ2,5392015,46718827.96,1023
2022-Q4,QJG,6129107,49936115.96,1049
2022-Q4,QJK,6661412,58127887.57,1068
2022-Q4,QJM,5678222,42271250.39,1034
2022-Q4,QK1,5931070,49688206.53,1047
2022-Q4,QKK,6353334,58810567.55,1095
2022-Q4,QKS,8862795,95429499.53999999,1142
2022-Q4,QM7,7161223,60839495.370000005,1108
2022-Q4,QMF,8592857,70989444.19,1118
2022-Q4,QMJ,5492619,49950622.900000006,1110
2022-Q4,QMM,6457238,50541642.47,1040
2022-Q4,QNC,6957055,63216555.88,1059
2022-Q4,QNQ,2944896,28699339.4,1027
2022-Q4,QNX,8594620,90242894.82,1113
2022-Q4,QOC,2527339,24082569.72,993
2022-Q4,QOP,16885200,157560203.37,1166
2022-Q4,QOQ,10521368,85200729.16,1112
2022-Q4,QOX,4588208,38137477.54,1014
2022-Q4,QPM,4217837,32626831.810000002,1020
2022-Q4,QR1,3451794,32428572.54,1001
2022-Q4,QRL,8315001,83573509.07,1115
2022-Q4,QRV,12008072,99382103.01,1142
2022-Q4,QSL,2871482,26989156.270000003,986
2022-Q4,QT1,6428892,67548371.68,1048
2022-Q4,QT6,3536038,28550649.810000002,989
2022-Q4,QU9,7227565,73492144.75999999,1077
2022-Q4,QUA,6582821,62940246.730000004,1084
2022-Q4,QUE,5332295,88935158.08,1065
2022-Q4,QUY,4212121,38598754.35,1011
2022-Q4,QVV,4117284,39250546.8,1010
2022-Q4,QWE,6106181,50543423.36,1082
2022-Q4,QWO,17699738,149774046.51,1169
2022-Q4,QWU,5117424,43065391.64,1039
2022-Q4,QXU,3715065,39203661.519999996,1049
2022-Q4,QYG,15629754,142921213.55,1138
2023-Q1,QE1,10355700,88302214.08,1242
2023-Q1,QF7,8869488,67712518.32,1189
2023-Q1,QGH,4032191,63715721.010000005,1212
2023-Q1,QH8,5633619,56178177.05,1178
2023-Q1,QHG,4016175,36555665.95,1150
2023-Q1,QHL,6236009,62377888.96,1215
2023-Q1,QHM,20814178,151703673.17000002,1292
2023-Q1,QJ2,5219823,45256837.71,1138
2023-Q1,QJG,5950498,48437443.27,1168
2023-Q1,QJK,6424243,56407673.79,1191
2023-Q1,QJM,5469300,40629276.71,1120
2023-Q1,QK1,5761558,48416384.88,1176
2023-Q1,QKK,6241999,58436237.38,1222
2023-Q1,QKS,8622454,94274774.94,1262
2023-Q1,QM7,6992056,59917689.78,1248
2023-Q1,QMF,8646099,72274239.58,1275
2023-Q1,QMJ,5488763,50316105.94,1229
2023-Q1,QMM,6194206,48480496.59,1152
2023-Q1,QNC,6775941,62910668.55,1180
2023-Q1,QNQ,2826660,27774852.33,1110
2023-Q1,QNX,8316990,88698240.06,1250
2023-Q1,QOC,2417136,23397116.36,1080
2023-Q1,QOP,16713847,157449269.32,1325
2023-Q1,QOQ,10129457,81805922.53,1243
2023-Q1,QOX,4417686,36606050.53,1121
2023-Q1,QPM,4119232,31668839.32,1128
2023-Q1,QR1,3344869,31394977.34,1083
2023-Q1,QRL,8026561,80866900.56,1229
2023-Q1,QRV,11986088,100216963.68,1296
2023-Q1,QSL,2778668,26407451.009999998,1063
2023-Q1,QT1,6267083,67142507.57,1147
2023-Q1,QT6,3427614,27632026.560000002,1091
2023-Q1,QU9,6886641,70431593.28,1208
2023-Q1,QUA,6497801,62605669.08,1213
2023-Q1,QUE,5265487,88256782.85,1164
2023-Q1,QUY,4144701,38451927.66,1100
2023-Q1,QVV,3909971,37071268.24,1093
2023-Q1,QWE,5961695,50370886.89,1206
2023-Q1,QWO,17507827,148799477.23,1333
2023-Q1,QWU,5008573,42441530.89,1130
2023-Q1,QXU,3544952,37540693.54,1157
2023-Q1,QYG,15406779,142707806.42,1323
2023-Q2,QE1,10318526,87902987.89,1238
2023-Q2,QF7,8843768,67767190.93,1203
2023-Q2,QGH,3943276,61740441.379999995,1221
2023-Q2,QH8,5544526,55598445.16,1171
2023-Q2,QHG,3999835,36706226.64,1154
2023-Q2,QHL,6227586,62453985.26,1225
2023-Q2,QHM,20826412,152078915.31,1293
2023-Q2,QJ2,5165406,44620544.980000004,1147
2023-Q2,QJG,5889513,47765946.67,1160
2023-Q2,QJK,6331003,55570457.82,1185
2023-Q2,QJM,5478201,40821230.32,1126
2023-Q2,QK1,5821203,49106265.019999996,1183
2023-Q2,QKK,6227118,58463409.58,1218
2023-Q2,QKS,8577590,94075060.93,1264
2023-Q2,QM7,6923254,59405770.97,1243
2023-Q2,QMF,8656032,72252731.08,1254
2023-Q2,QMJ,5509574,50465178.04,1228
2023-Q2,QMM,6205659,48676111.410000004,1139
2023-Q2,QNC,6716234,61837395.25,1196
2023-Q2,QNQ,2805962,27742713.03,1108
2023-Q2,QNX,8260190,88457923.06,1247
2023-Q2,QOC,2450832,23792910.06,1067
2023-Q2,QOP,16531449,156300858.98,1314
2023-Q2,QOQ,10107492,81358466.46,1251
2023-Q2,QOX,4419945,36493967.72,1110
2023-Q2,QPM,4096126,31523895.78,1117
2023-Q2,QR1,3307575,31108425.59,1067
2023-Q2,QRL,7954007,80223812.37,1229
2023-Q2,QRV,12013868,100586528.57,1292
2023-Q2,QSL,2740403,26121639.95,1067
2023-Q2,QT1,6269409,67500858.82,1155
2023-Q2,QT6,3369107,27093491.48,1082
2023-Q2,QU9,6917358,71370809.97,1215
2023-Q2,QUA,6436997,62264447.150000006,1212
2023-Q2,QUE,5279732,90310188.87,1168
2023-Q2,QUY,4032573,37462879.62,1098
2023-Q2,QVV,3927050,37437993.760000005,1093
2023-Q2,QWE,6013717,50836590.849999994,1202
2023-Q2,QWO,17542990,149431745.3,1330
2023-Q2,QWU,4971996,42012545.57,1129
2023-Q2,QXU,3504848,37174120.57,1143
2023-Q2,QYG,15313390,142179009.59,1319
2023-Q3,QE1,10504651,90501286.14,1241
2023-Q3,QF7,9002624,69079111.64,1195
2023-Q3,QGH,4052181,64864273.31,1205
2023-Q3,QH8,5631821,57823647.53,1174
2023-Q3,QHG,4092572,37712221.16,1152
2023-Q3,QHL,6335231,63673522.55,1222
2023-Q3,QHM,21232803,155188763.95,1288
2023-Q3,QJ2,5299694,46072293.22,1136
2023-Q3,QJG,6044388,49436077.57,1158
2023-Q3,QJK,6447729,57099703.68000001,1173
2023-Q3,QJM,5610215,42216407.730000004,1125
2023-Q3,QK1,5939720,50614939.97,1168
2023-Q3,QKK,6307837,59392330.09,1217
2023-Q3,QKS,8651704,96234134.27,1265
2023-Q3,QM7,7068311,61086160.42,1230
2023-Q3,QMF,8836934,74045943.53,1266
2023-Q3,QMJ,5605297,51221865.3,1229
2023-Q3,QMM,6282600,49676792.74,1154
2023-Q3,QNC,6849003,62980353.16,1180
2023-Q3,QNQ,2875738,28664814.759999998,1095
2023-Q3,QNX,8387738,89924300.28999999,1241
2023-Q3,QOC,2449911,23898221.39,1072
2023-Q3,QOP,16866530,160714232.01,1308
2023-Q3,QOQ,10341063,83489425.31,1238
2023-Q3,QOX,4475332,37025069.05,1103
2023-Q3,QPM,4209675,32578061.78,1102
2023-Q3,QR1,3381948,31800110.17,1070
2023-Q3,QRL,8134793,81941729.06,1225
2023-Q3,QRV,12387919,104093196.50999999,1297
2023-Q3,QSL,2787407,26656124.85,1054
2023-Q3,QT1,6405059,70912282.91,1138
2023-Q3,QT6,3490284,28453378.119999997,1074
2023-Q3,QU9,6928282,72046064.53,1220
2023-Q3,QUA,6532814,63600559.85,1216
2023-Q3,QUE,5364721,92157328.51,1167
2023-Q3,QUY,4136977,38758720.14,1103
2023-Q3,QVV,3956245,37845080.85,1092
2023-Q3,QWE,6084789,51204548.45,1183
2023-Q3,QWO,18088105,154723652.7,1323
2023-Q3,QWU,5086884,43163072.35,1130
2023-Q3,QXU,3536380,37762470.58,1137
2023-Q3,QYG,15602088,145368269.22,1324
2023-Q4,QE1,10838760,90463453.53999999,1238
2023-Q4,QF7,9241619,68144808.33,1197
2023-Q4,QGH,4196459,64179239.38,1208
2023-Q4,QH8,5811249,57372655.9,1163
2023-Q4,QHG,4194399,37638527.72,1154
2023-Q4,QHL,6538899,63701435.089999996,1222
2023-Q4,QHM,21771778,153618389.14,1299
2023-Q4,QJ2,5462224,45801257.91,1130
2023-Q4,QJG,6204251,48434954.3,1155
2023-Q4,QJK,6712226,57778363.04,1169
2023-Q4,QJM,5748914,42087410.45,1124
2023-Q4,QK1,6162716,51212304.97,1186
2023-Q4,QKK,6495588,59205332.70999999,1219
2023-Q4,QKS,8897736,95684473.14,1274
2023-Q4,QM7,7293318,61347636.53,1250
2023-Q4,QMF,9122722,74351503.81,1256
2023-Q4,QMJ,5776307,50764556.400000006,1235
2023-Q4,QMM,6522182,51086568.92,1158
2023-Q4,QNC,7069187,62726873.980000004,1177
2023-Q4,QNQ,2996515,28916197.86,1103
2023-Q4,QNX,8698373,89775309.14,1235
2023-Q4,QOC,2551125,23705860.22,1072
2023-Q4,QOP,17273792,158144364.34,1326
2023-Q4,QOQ,10669735,83843487.88,1232
2023-Q4,QOX,4647122,37025436.86,1106
2023-Q4,QPM,4290811,31960579.09,1101
2023-Q4,QR1,3541055,32903006.009999998,1079
2023-Q4,QRL,8457378,82164961.91,1236
2023-Q4,QRV,12723114,102783942.93,1299
2023-Q4,QSL,2874570,26640493.16,1049
2023-Q4,QT1,6596689,71187864.38,1156
2023-Q4,QT6,3567053,28395190.02,1078
2023-Q4,QU9,7318391,72951657.25,1209
2023-Q4,QUA,6752976,63540885.43,1199
2023-Q4,QUE,5538248,93562369.07,1171
2023-Q4,QUY,4315294,38823975.7,1092
2023-Q4,QVV,4102735,38070486.08,1101
2023-Q4,QWE,6273464,50826439.93,1199
2023-Q4,QWO,18566024,153701080.92,1334
2023-Q4,QWU,5271404,43619722.94,1133
2023-Q4,QXU,3689748,38122302.85,1124
2023-Q4,QYG,16104182,145374901.63,1324
2024-Q1,QE1,10639838,87029997.89,1245
2024-Q1,QF7,9128478,65283434.4,1208
2024-Q1,QGH,4046841,63790996.61,1210
2024-Q1,QH8,5678364,54313509.48,1179
2024-Q1,QHG,4124356,36271675.35,1160
2024-Q1,QHL,6435912,62128526.8,1240
2024-Q1,QHM,21564801,148545122.39,1285
2024-Q1,QJ2,5319422,43671513.45,1124
2024-Q1,QJG,6046452,45932395.57,1160
2024-Q1,QJK,6506728,54501847.25,1177
2024-Q1,QJM,5594060,40160578.81,1127
2024-Q1,QK1,6007655,49518170.83,1184
2024-Q1,QKK,6410046,57795322.39,1203
2024-Q1,QKS,8662082,92291788.89,1273
2024-Q1,QM7,7191673,61639860.53,1252
2024-Q1,QMF,9126060,73056919.97,1261
2024-Q1,QMJ,5802104,50069040.28,1250
2024-Q1,QMM,6304800,48077397.379999995,1144
2024-Q1,QNC,6915764,60019336.349999994,1178
2024-Q1,QNQ,2887724,27042696.39,1103
2024-Q1,QNX,8447092,85723599.06,1242
2024-Q1,QOC,2479666,22618858.990000002,1071
2024-Q1,QOP,17102069,154634320.46,1327
2024-Q1,QOQ,10366288,79917611.48,1241
2024-Q1,QOX,4500922,34742270.84,1095
2024-Q1,QPM,4216055,30873214.78,1111
2024-Q1,QR1,3433756,31312666.29,1087
2024-Q1,QRL,8268675,78542301.55,1230
2024-Q1,QRV,12708788,100956305.09,1301
2024-Q1,QSL,2751904,24884578.29,1046
2024-Q1,QT1,6507583,69556463.24000001,1162
2024-Q1,QT6,3423138,26534037.78,1077
2024-Q1,QU9,7029391,68596313.26,1221
2024-Q1,QUA,6673956,61944592.129999995,1231
2024-Q1,QUE,5434122,89672146.07000001,1175
2024-Q1,QUY,4121704,36419660.77,1101
2024-Q1,QVV,3966654,35879346.95,1094
2024-Q1,QWE,6159066,48942494.989999995,1183
2024-Q1,QWO,18681571,151339668.91,1331
2024-Q1,QWU,5138813,41755490.68,1143
2024-Q1,QXU,3569752,36119581.49,1132
2024-Q1,QYG,15766720,140572292.88,1335
2024-Q2,QE1,10791156,88596831.3,1252
2024-Q2,QF7,9282775,66183168.85,1195
2024-Q2,QGH,4109700,64845918.629999995,1202
2024-Q2,QH8,5763664,55519264.879999995,1176
2024-Q2,QHG,4197017,37002404.24,1149
2024-Q2,QHL,6513637,63009533.74,1231
2024-Q2,QHM,21800707,150094539.74,1284
2024-Q2,QJ2,5397142,44655038.18,1130
2024-Q2,QJG,6148851,46674500.95,1154
2024-Q2,QJK,6550358,54810263.09,1173
2024-Q2,QJM,5769857,41526048.730000004,1127
2024-Q2,QK1,6170005,51350354.89,1186
2024-Q2,QKK,6536970,59160508.7,1217
2024-Q2,QKS,8743399,93753172.62,1266
2024-Q2,QM7,7256674,61821778.29,1245
2024-Q2,QMF,9309953,74054508.33,1259
2024-Q2,QMJ,5987538,51062703.2,1238
2024-Q2,QMM,6412464,49015741.02,1146
2024-Q2,QNC,7064274,61405934.68,1177
2024-Q2,QNQ,2973392,28097185.55,1113
2024-Q2,QNX,8558239,87355614.27,1233
2024-Q2,QOC,2504720,22936570.44,1071
2024-Q2,QOP,17242637,155892357.82,1317
2024-Q2,QOQ,10616558,82133052.4,1239
2024-Q2,QOX,4567441,35508945.0,1094
2024-Q2,QPM,4261575,31123070.36,1117
2024-Q2,QR1,3499768,31817260.31,1085
2024-Q2,QRL,8360557,80044316.78,1229
2024-Q2,QRV,12209071,98117988.03999999,1289
2024-Q2,QSL,2776142,25407471.84,1047
2024-Q2,QT1,6594688,71851225.5,1155
2024-Q2,QT6,3475507,27146109.54,1102
2024-Q2,QU9,7130261,70006511.28999999,1208
2024-Q2,QUA,6727688,62902729.69,1213
2024-Q2,QUE,5562792,94567799.53999999,1159
2024-Q2,QUY,4193236,37496420.5,1097
2024-Q2,QVV,3969120,35924506.22,1092
2024-Q2,QWE,6291464,49884799.22,1199
2024-Q2,QWO,19910973,159935753.31,1317
2024-Q2,QWU,5300113,43065265.96,1140
2024-Q2,QXU,3606126,36557828.66,1114
2024-Q2,QYG,16064155,143605672.72,1325
2024-Q3,QE1,10872848,91713778.53,1255
2024-Q3,QF7,9360983,68030790.78,1194
2024-Q3,QGH,4120423,69446686.35,1195
2024-Q3,QH8,5787965,57200271.019999996,1167
2024-Q3,QHG,4236145,38633453.98,1148
2024-Q3,QHL,6570020,65642377.730000004,1224
2024-Q3,QHM,22126133,156185748.67000002,1287
2024-Q3,QJ2,5441066,46156463.4,1128
2024-Q3,QJG,6213040,48825899.09,1161
2024-Q3,QJK,6568853,56322602.89,1177
2024-Q3,QJM,5828679,42820782.95,1116
2024-Q3,QK1,6250867,53415519.38,1177
2024-Q3,QKK,6526982,60240647.41,1209
2024-Q3,QKS,8801177,97270613.08,1255
2024-Q3,QM7,7334441,64295139.019999996,1241
2024-Q3,QMF,9390861,76073332.21000001,1265
2024-Q3,QMJ,6108869,53445310.71,1247
2024-Q3,QMM,6473286,50635340.1,1136
2024-Q3,QNC,7136492,64273748.25,1168
2024-Q3,QNQ,2979164,29164473.12,1109
2024-Q3,QNX,8621551,90849995.92,1233
2024-Q3,QOC,2516807,23724155.15,1068
2024-Q3,QOP,17451970,161507430.58,1311
2024-Q3,QOQ,10739528,85120620.17,1236
2024-Q3,QOX,4603587,36864039.08,1098
2024-Q3,QPM,4340086,32636739.869999997,1114
2024-Q3,QR1,3499664,32789999.450000003,1062
2024-Q3,QRL,8387991,82148094.14,1218
2024-Q3,QRV,11531451,95191672.72,1283
2024-Q3,QSL,2800314,26745620.77,1044
2024-Q3,QT1,6666852,74434313.53999999,1147
2024-Q3,QT6,3455733,27731818.86,1090
2024-Q3,QU9,7139845,73084415.91,1210
2024-Q3,QUA,6842675,65567888.03,1217
2024-Q3,QUE,5638715,96772612.58,1162
2024-Q3,QUY,4195503,38656086.22,1096
2024-Q3,QVV,3975193,37028899.68,1092
2024-Q3,QWE,6326021,51647209.45,1184
2024-Q3,QWO,21154961,173464604.47,1332
2024-Q3,QWU,5387512,45111193.75,1142
2024-Q3,QXU,3631940,37379813.15,1108
2024-Q3,QYG,16127095,148878802.65,1312
2024-Q4,QE1,11392518,94654248.21000001,1247
2024-Q4,QF7,9732014,70057087.56,1198
2024-Q4,QGH,4340869,69319896.44,1215
2024-Q4,QH8,6050539,58682542.17,1171
2024-Q4,QHG,4350337,39039168.73,1153
2024-Q4,QHL,6858697,67089211.42,1220
2024-Q4,QHM,22927108,159814470.7,1292
2024-Q4,QJ2,5724633,47590440.33,1126
2024-Q4,QJG,6493906,50330271.86,1172
2024-Q4,QJK,6923489,58543971.43000001,1165
2024-Q4,QJM,6018328,43892549.91,1116
2024-Q4,QK1,6535577,55306811.14,1181
2024-Q4,QKK,6791486,60782255.37,1212
2024-Q4,QKS,9137701,98383566.63,1253
2024-Q4,QM7,7659328,65445467.400000006,1235
2024-Q4,QMF,9739974,76196345.16,1268
2024-Q4,QMJ,6288492,53332518.63,1242
2024-Q4,QMM,6744304,52310022.099999994,1123
2024-Q4,QNC,7361759,64742475.82000001,1183
2024-Q4,QNQ,3122215,30124159.520000003,1105
2024-Q4,QNX,9009792,92807330.35,1227
2024-Q4,QOC,2624496,24111814.04,1073
2024-Q4,QOP,18047267,163457663.16,1307
2024-Q4,QOQ,11147366,87300625.68,1227
2024-Q4,QOX,4864967,38644863.45,1093
2024-Q4,QPM,4471376,33351705.36,1117
2024-Q4,QR1,3703917,33926507.78,1073
2024-Q4,QRL,8831601,85104746.97999999,1223
2024-Q4,QRV,11518069,92612908.87,1296
2024-Q4,QSL,2953792,28078137.43,1057
2024-Q4,QT1,6935426,77673561.06,1129
2024-Q4,QT6,3627115,28702534.700000003,1080
2024-Q4,QU9,7491058,75655323.86,1206
2024-Q4,QUA,7033819,65271435.660000004,1199
2024-Q4,QUE,5851897,100301302.50999999,1160
2024-Q4,QUY,4451933,40539738.45,1103
2024-Q4,QVV,4146440,37711255.379999995,1076
2024-Q4,QWE,6580155,52589098.0,1186
2024-Q4,QWO,22282904,178734056.53,1311
2024-Q4,QWU,5650700,46878864.58,1156
2024-Q4,QXU,3811658,37718557.71,1115
2024-Q4,QYG,16675451,151674291.3,1321
2025-Q1,QE1,10810136,88093333.25,1246
2025-Q1,QF7,9273937,64944001.57,1183
2025-Q1,QGH,4057895,60059562.79000001,1200
2025-Q1,QH8,5781445,55102622.58,1169
2025-Q1,QHG,4174909,36727017.14,1133
2025-Q1,QHL,6615238,64085512.59,1225
2025-Q1,QHM,21909502,149034065.34,1278
2025-Q1,QJ2,5429130,44060509.129999995,1132
2025-Q1,QJG,6162836,46142347.620000005,1160
2025-Q1,QJK,6493019,53499815.93,1163
2025-Q1,QJM,5746888,40692460.09,1115
2025-Q1,QK1,6259093,52171423.33,1168
2025-Q1,QKK,6632047,58547482.91,1209
2025-Q1,QKS,8697580,92015476.02000001,1252
2025-Q1,QM7,7311795,62003328.9,1240
2025-Q1,QMF,9530926,73624303.75,1261
2025-Q1,QMJ,6054002,50690058.81,1225
2025-Q1,QMM,6400253,48141226.54,1135
2025-Q1,QNC,7027938,60825721.72,1175
2025-Q1,QNQ,3024219,28614883.55,1102
2025-Q1,QNX,8506620,86555266.81,1229
2025-Q1,QOC,2510295,22785906.95,1072
2025-Q1,QOP,17362516,155978970.47,1298
2025-Q1,QOQ,10567390,80720966.39,1220
2025-Q1,QOX,4577263,35335544.28,1088
2025-Q1,QPM,4277618,31274893.37,1106
2025-Q1,QR1,3471156,31112682.14,1069
2025-Q1,QRL,8381705,79235153.33,1214
2025-Q1,QRV,11070746,87754143.22999999,1285
2025-Q1,QSL,2792244,26372863.939999998,1050
2025-Q1,QT1,6665334,73665958.03999999,1146
2025-Q1,QT6,3367819,25767218.23,1078
2025-Q1,QU9,7125371,70525756.81,1220
2025-Q1,QUA,6833363,62703076.25,1217
2025-Q1,QUE,5620933,94997769.67,1167
2025-Q1,QUY,4151574,37154157.230000004,1089
2025-Q1,QVV,3913538,34529315.44,1075
2025-Q1,QWE,6307232,49275931.64,1174
2025-Q1,QWO,21874087,172920428.92000002,1328
2025-Q1,QWU,5354599,43355012.71,1142
2025-Q1,QXU,3626858,35105051.629999995,1116
2025-Q1,QYG,15838669,143627475.39,1323
2025-Q2,QE1,11037137,91443916.62,1239
2025-Q2,QF7,9494987,67317182.43,1183
2025-Q2,QGH,4122775,64585566.45,1189
2025-Q2,QH8,5836620,55823736.93,1162
2025-Q2,QHG,4288787,38535943.54,1143
2025-Q2,QHL,6677937,65638200.879999995,1208
2025-Q2,QHM,22380205,154385639.34,1272
2025-Q2,QJ2,5507173,45103174.67,1121
2025-Q2,QJG,6241028,46949816.7,1161
2025-Q2,QJK,6590302,54403237.31,1149
2025-Q2,QJM,5895623,41828040.01,1108
2025-Q2,QK1,6384881,53761004.24,1182
2025-Q2,QKK,6741966,60692879.879999995,1205
2025-Q2,QKS,8764189,94005570.35,1247
2025-Q2,QM7,7406841,63621197.53,1235
2025-Q2,QMF,9657343,75655014.85,1256
2025-Q2,QMJ,6228003,53013115.1,1228
2025-Q2,QMM,6502429,49073347.97,1123
2025-Q2,QNC,7144640,62355945.0,1170
2025-Q2,QNQ,3021526,29266861.42,1102
2025-Q2,QNX,8689716,89616398.82,1231
2025-Q2,QOC,2555607,23497386.630000003,1060
2025-Q2,QOP,17538329,159789566.72,1290
2025-Q2,QOQ,10810905,83413982.82000001,1217
2025-Q2,QOX,4644409,36509748.93,1095
2025-Q2,QPM,4369618,32345454.81,1121
2025-Q2,QR1,3523516,31864177.28,1066
2025-Q2,QRL,8433178,80395407.36,1206
2025-Q2,QRV,10585119,84887757.2,1267
2025-Q2,QSL,2817765,26985408.71,1040
2025-Q2,QT1,6749695,74788527.84,1137
2025-Q2,QT6,3419999,26570537.759999998,1089
2025-Q2,QU9,7205280,72652005.94,1207
2025-Q2,QUA,6921642,64584563.81,1205
2025-Q2,QUE,5725750,97618038.06,1162
2025-Q2,QUY,4154663,38093107.62,1082
2025-Q2,QVV,3954288,35008683.37,1068
2025-Q2,QWE,6460539,51284014.41,1177
2025-Q2,QWO,23014949,185616498.88,1325
2025-Q2,QWU,5608495,45818524.91,1140
2025-Q2,QXU,3676909,35977827.78,1105
2025-Q2,QYG,16127679,147586036.49,1316
2025-Q3,QE1,11175021,93750338.59,1235
2025-Q3,QF7,9564168,68222176.34,1187
2025-Q3,QGH,4202699,76750373.82,1198
2025-Q3,QH8,5925566,58703975.54,1144
2025-Q3,QHG,4319941,39626734.21,1135
2025-Q3,QHL,6772865,67684912.93,1216
2025-Q3,QHM,22647843,158241613.26,1273
2025-Q3,QJ2,5604154,46199155.54,1120
2025-Q3,QJG,6327683,48281687.62,1175
2025-Q3,QJK,6653742,55273289.83,1156
2025-Q3,QJM,5959097,42994260.79,1102
2025-Q3,QK1,6511106,56042904.72,1173
2025-Q3,QKK,6845751,62659670.7,1208
2025-Q3,QKS,8810536,96057809.16,1250
2025-Q3,QM7,7488490,65708392.03,1237
2025-Q3,QMF,9806294,78004351.94,1250
2025-Q3,QMJ,6268010,54172001.7,1225
2025-Q3,QMM,6590729,50528493.39,1120
2025-Q3,QNC,7203744,63315418.57,1169
2025-Q3,QNQ,3069506,30045869.72,1116
2025-Q3,QNX,8766944,92217041.37,1219
2025-Q3,QOC,2587868,24159564.990000002,1064
2025-Q3,QOP,17846302,164975969.45,1299
2025-Q3,QOQ,10935168,85560112.43,1237
2025-Q3,QOX,4673924,37484306.13,1085
2025-Q3,QPM,4393075,33119816.0,1116
2025-Q3,QR1,3573792,32814385.97,1063
2025-Q3,QRL,8558227,82386988.8,1227
2025-Q3,QRV,10288779,83074192.42,1265
2025-Q3,QSL,2889718,28784335.58,1032
2025-Q3,QT1,6822992,78261326.74000001,1134
2025-Q3,QT6,3471458,27479809.23,1086
2025-Q3,QU9,7242940,74143972.98,1211
2025-Q3,QUA,7063271,67184537.71000001,1206
2025-Q3,QUE,5807811,99930614.17,1161
2025-Q3,QUY,4130625,38061824.71,1083
2025-Q3,QVV,3986333,34978138.97,1069
2025-Q3,QWE,6517052,52632856.95,1180
2025-Q3,QWO,24056266,198223292.45,1324
2025-Q3,QWU,5653299,46973811.96,1137
2025-Q3,QXU,3702994,36929332.03,1100
2025-Q3,QYG,16314341,152117400.26,1310
2025-Q4,QE1,11753746,101309206.44,1231
2025-Q4,QF7,10031945,74046233.76,1178
2025-Q4,QGH,4513386,78755185.31,1188
2025-Q4,QH8,6244112,63066088.91,1151
2025-Q4,QHG,4601959,42770703.22,1133
2025-Q4,QHL,7075739,71883751.57,1207
2025-Q4,QHM,23772785,173004885.14000002,1275
2025-Q4,QJ2,5997646,51124089.67,1124
2025-Q4,QJG,6680080,53171206.68,1150
2025-Q4,QJK,7115111,61675955.72,1140
2025-Q4,QJM,6283620,47242124.75,1098
2025-Q4,QK1,6875896,61643822.4,1178
2025-Q4,QKK,7216074,66246667.72,1192
2025-Q4,QKS,9440138,105082203.16,1235
2025-Q4,QM7,7941773,71034021.53999999,1217
2025-Q4,QMF,10218531,81611115.63,1243
2025-Q4,QMJ,6639174,57981534.010000005,1224
2025-Q4,QMM,7003034,55595602.849999994,1123
2025-Q4,QNC,7594724,67798862.53999999,1163
2025-Q4,QNQ,3299159,33375229.48,1096
2025-Q4,QNX,9403832,101745610.7,1227
2025-Q4,QOC,2762763,26545920.86,1076
2025-Q4,QOP,18556160,172164009.41,1285
2025-Q4,QOQ,11564043,94275395.52,1211
2025-Q4,QOX,5026670,42684229.75,1075
2025-Q4,QPM,4616384,36882997.38,1120
2025-Q4,QR1,3822843,35817462.59,1064
2025-Q4,QRL,9223370,91517355.23,1210
2025-Q4,QRV,10777566,87397248.65,1266
2025-Q4,QSL,3110159,31988199.28,1032
2025-Q4,QT1,7193938,83024935.95,1142
2025-Q4,QT6,3667973,30659678.32,1086
2025-Q4,QU9,7802405,81653373.81,1208
2025-Q4,QUA,7278692,70648362.47,1209
2025-Q4,QUE,6128285,105561623.87,1155
2025-Q4,QUY,4389215,41940485.68,1077
2025-Q4,QVV,4265608,38121035.99,1052
2025-Q4,QWE,6932543,56923106.16,1181
2025-Q4,QWO,24902332,208545869.36,1333
2025-Q4,QWU,5979661,50807081.91,1141
2025-Q4,QXU,4036658,41611433.06,1112
2025-Q4,QYG,17125356,162327822.5,1312
